Platform,Author,Text,Date,Link
Bluesky,wendyo.bsky.social,Clan floor lamp by Studio 6G for Harvey Guzzini (1968),2026-01-08T23:15:08.816Z,https://bsky.app/profile/wendyo.bsky.social/post/3mbx4ebbses23
Bluesky,blockbusterrewards.bsky.social,"Self care day complete! Started therapy today, got a haircut, had my face holes stretched and sized up (main ear hole 1/2 inch, second ear hole 6g, septum 14g). Went to the gym and had a swell chest day. Also bought Arc Raiders so gonna start that ^^",2026-01-08T00:05:26.215Z,https://bsky.app/profile/blockbusterrewards.bsky.social/post/3mbuopbf6ck24
Bluesky,subacofeminino.bsky.social,"o ano Ã© 2060, vocÃª Ã© o Ãºltimo homem cis hÃ©tero na Terra   toda a populaÃ§Ã£o Ã© vascinada, em cada loja de esquina vendem kit autismo, nas escolas eles ensinam pronomes e a pintar o cabelo de azul pras crianÃ§as, toda mulher na Terra sÃ£o fortonas de academia e namoram entre si, comunismo mundial e 6G",2026-01-10T19:17:30.521Z,https://bsky.app/profile/subacofeminino.bsky.social/post/3mc3pz6f2fs2i
Bluesky,tum.de,"Our university & @tudresden.bsky.social start the second funding phase of 6G-lifeÂ², advancing research on next-generation #mobilecommunications. Interdisciplinary teams develop concepts for human-centered #6G, with the project running until 2029: go.tum.de/617883 @6g-life.bsky.social   ğŸ“·A.Heddergott",2026-01-08T11:11:49.871Z,https://bsky.app/profile/tum.de/post/3mbvtwurggs2n
Bluesky,maejoicer.bsky.social,All you did was wreck my bed and in the morning kicked me in the head...  youtu.be/EOl7dh7a-6g?...,2026-01-07T00:11:16.035Z,https://bsky.app/profile/maejoicer.bsky.social/post/3mbs6krjyhs2r
Bluesky,grayhabcd.bsky.social,#GIF4Cover #MusicChallenge  7 - Dog  ğŸ’¿ For The Morning - Tyler Ramsey ğŸ§ A Dream Of Home  youtu.be/zdHzm6ae-6g?...,2026-01-07T01:13:44.137Z,https://bsky.app/profile/grayhabcd.bsky.social/post/3mbsc2i2cd226
Bluesky,alesitoide.bsky.social,"lo entendÃ­ al revÃ©s. la heladera protege de virus, que en realidad no existen, sino que la heladera estÃ¡ aislada del 4G, del 5G, el 6G y especialmente del punto G, que es el que seguro nunca vas a conocer cuando te pongas el sombrerito de aluminio para evitar el COVID",2026-01-11T14:22:28.602Z,https://bsky.app/profile/alesitoide.bsky.social/post/3mc5pyjy35s2y
Bluesky,mizpenn.bsky.social,"#MusicChallenge  #AuralVisualConnection  #MusicSky   Day 7 - ""Party All the Time"" (Eddie Murphy)   Thanks for hosting, @fervorcoulee.bsky.social ğŸ˜ğŸ¶ I had so much fun! ğŸ¶ğŸµğŸ¶ğŸ™Œ  youtu.be/iWa-6g-TbgI?...",2026-01-06T21:38:18.811Z,https://bsky.app/profile/mizpenn.bsky.social/post/3mbrvzbhdns2a
Bluesky,kikemb.bsky.social,"Bandaca, Gorefest. Si hablamos de death'n'roll para mÃ­ el Wolverine Blues de Entombed es canon. youtu.be/uNi0tsCU-6g?...",2026-01-08T22:06:17.519Z,https://bsky.app/profile/kikemb.bsky.social/post/3mbwyj5cvxk22
Bluesky,arponbasu.bsky.social,"Juraj SlafkovskÃ½, with 1G, 1A in two periods today, over his last 8 GP: 6G, 6A, 12 pts.  Juraj SlafkovskÃ½ in his previous 34 GP: 9G, 11A, 20 pts.",2026-01-04T20:40:37.332Z,https://bsky.app/profile/arponbasu.bsky.social/post/3mbmrubpio72a
Bluesky,changingval.bsky.social,I wanna stretch my septum to a 6g nowğŸ˜”,2026-01-06T12:06:49.488Z,https://bsky.app/profile/changingval.bsky.social/post/3mbqw3em7os2w
Bluesky,plex-dave.bsky.social,The stream is up at twitch.tv/echoplexmedia  #conspiracytheories #truthers #cookers #5g #6g #chemtrails #leftisbest,2026-01-10T04:59:01.426Z,https://bsky.app/profile/plex-dave.bsky.social/post/3mc2a23jnog2k
Bluesky,gadgetry.bsky.social,Success in this new environment will depend on establishing trust frameworks that allow diverse AI entities â€“ from robot dogs to smart cameras â€“ to collaborate without compromising network integrity or data privacy. #6g #telecoms #agenticai #networkautomation #ai #tech #news #technology,2026-01-07T10:36:08.340Z,https://bsky.app/profile/gadgetry.bsky.social/post/3mbtbi4ycls2g
Bluesky,kirstensaidwhat.bsky.social,Was curious about the Lâ€™OrÃ©al blurfection powder but now that itâ€™s coming to Canada I see itâ€™s only 6g of product for over $20??? Like I can get HIGH END at a lower cost per gramâ€¦ drugstore makeup prices in Canada are ridiculous,2026-01-05T19:36:23.093Z,https://bsky.app/profile/kirstensaidwhat.bsky.social/post/3mbp6qd6lsc2p
Bluesky,ceagrenoble.bsky.social,"#confÃ©rence |ğŸ—¨ï¸ ""IA et 6G : Communiquer moins pour comprendre mieux. Le secret des communications sÃ©mantiques"" | ğŸ¤animÃ©e par Emilio Calvanese Strinati, Directeur scientifique de notre institut CEA-Leti ğŸ—“ï¸ Vendredi 16 janvier de 12 h 30 Ã  13 h 15 ğŸ“Maison Minatec âœ… www.giant-grenoble.org/midis-by-gia.",2026-01-09T13:48:02.715Z,https://bsky.app/profile/ceagrenoble.bsky.social/post/3mbyn54uqec2v
Bluesky,kelownagurl.bsky.social,I've been researching my Scottish line of ancestors and found out my 6G grandfather was a barber and wigmaker on the Royal Mile (Canongate) in the mid 1700s.  Even had a Close named after him.,2026-01-04T06:57:39.013Z,https://bsky.app/profile/kelownagurl.bsky.social/post/3mblduol6gc24
Bluesky,khoyoulaa.bsky.social,Ã‡a câ€™est parce que tu manques de bananes 6G ğŸ™ƒ Plus sÃ©rieusement grosse angoisse existentielle ici aussi Totalement irraisonnÃ©e et irraisonnable Accorde toi peut Ãªtre  ce rÃ©pit pour recharger les batteries  On devrait pouvoir hiberner Reste pas trop longtemps toute seule comme Ã§a quand mÃªme ğŸ«‚,2026-01-05T21:17:00.816Z,https://bsky.app/profile/khoyoulaa.bsky.social/post/3mbpeeb7bo22p
Bluesky,fubar-427.bsky.social,youtu.be/EOl7dh7a-6g?...,2026-01-03T23:11:22.038Z,https://bsky.app/profile/fubar-427.bsky.social/post/3mbkjsvnnrk2q
Bluesky,imranicus.bsky.social,"Adults in England eating '22 bags of crisps a day' in salt, study says  Working-age adults eat the equivalent in salt of 155 bags of ready salted, crisps each week, the British Heart Foundation says, which is 40% more than the recommended maximum of 6g a day.  news.sky.com/story/adults...",2026-01-07T04:41:59.373Z,https://bsky.app/profile/imranicus.bsky.social/post/3mbsnoufcb22g
Bluesky,psicopompus.bsky.social,"vÃ£o fazer um exercicio aqui  vamo dizer que vc casou hÃ¡ 5 anos e comprou uma alianÃ§a simplona total aÃ­ de 6g custando 1,800 esse ouro. vamos dizer que foi aÃ­ 3x de lucro (normar pra shopping) ficou em 5400,00  DaÃ­ ano passado, Junho de 2025 vocÃª volta pra retonar sua joia e pegar uma nova",2026-01-07T14:21:20.426Z,https://bsky.app/profile/psicopompus.bsky.social/post/3mbto2t4h3c2o
Bluesky,reinifilm.bsky.social,#LookAndSee (291) #MusicChallenge #MusicSky  Eddie Murphy - Party All The Time  youtu.be/iWa-6g-TbgI,2026-01-01T15:03:13.729Z,https://bsky.app/profile/reinifilm.bsky.social/post/3mbenm77wik22
Bluesky,sygnin.com,"On the bright side, I got Procreate down from 20G to 6G (ok, maybe closer to 7G, but still...)",2026-01-02T00:13:54.252Z,https://bsky.app/profile/sygnin.com/post/3mbfmev4mbs2a
Bluesky,pupjaxy.bsky.social,Thinking of starting at 6g!,2026-01-01T10:15:06.592Z,https://bsky.app/profile/pupjaxy.bsky.social/post/3mbe5iywds22z
Bluesky,objectd.bsky.social,Its nipples are now stretched and sleeved for 2g! Inner diameter of tube is 6g allowing for the installation of substantial control rings (coming)!,2025-12-31T06:04:57.656Z,https://bsky.app/profile/objectd.bsky.social/post/3mbb72rtgks2s
Bluesky,objectd.bsky.social,"Everything got sized UP to 2 days later! New sleeves are 2g (6mm) the inside tube diameter is 6g (4mm), new rings (on order) are coming.",2026-01-01T22:55:03.490Z,https://bsky.app/profile/objectd.bsky.social/post/3mbfhxvk4ss2l
Bluesky,nrhmong.bsky.social,íŠ¸ìœ„í„°ë„ ë§íŒ”í•˜ì‹¤ë¶„ ê³„ì‹¤ê¹Œìš”? x.com/NRHMONG?t=6g... ì´ìª½ìœ¼ë¡œ íŒ”ì‹ ì£¼ì‹œê±°ë‚˜ ë§˜ì°í•˜ì‹œë©´ í”„ë¡œí•„ë§í¬ë³´ê³  ì°¾ì•„ê°€ì„œ íŒ”ë¡œê±¸ê² ìŠµë‹ˆë‹¤ğŸ©·,2026-01-01T09:56:42.553Z,https://bsky.app/profile/nrhmong.bsky.social/post/3mbe4i3zqpc2u
Bluesky,heresjohnny.bsky.social,#MusicChallenge  #SoundtrackThis   Day 31): Party   Eddie Murphy - â€œParty All the Timeâ€   Happy New Year ğŸˆğŸŠ ğŸ¥³  Big Time Thanks to: @kimberjohnson.bsky.social  & @firstnamebob.bsky.social For a fantastic fun challenge!  youtu.be/iWa-6g-TbgI?...,2025-12-30T21:59:05.658Z,https://bsky.app/profile/heresjohnny.bsky.social/post/3mbadvycwmc2f
Bluesky,stanotter.bsky.social,Old dick jewelry broke ğŸ¥² Trying out a cbr this time (and sized up to 4g from a 6g),2025-12-29T02:51:34.599Z,https://bsky.app/profile/stanotter.bsky.social/post/3mb3td5eob22m
Bluesky,ostrich-mokei.bsky.social,#ãƒ—ãƒ©ãƒ¢ãƒ‡ãƒ« #ãƒ—ãƒ©ãƒ¢ãƒ‡ãƒ«å¥½ãã¨ç¹‹ãŒã‚ŠãŸã„ #é£›è¡Œæ©Ÿæ¨¡å‹ 1/72 ãƒ†ã‚­ã‚µãƒ³ãƒ»ã‚¼ãƒ­ãƒ¢ãƒ‰ã‚­ã€å®Œæˆã—ã¾ã—ãŸï¼ğŸ˜†âœ¨ æ˜ ç”»ï½¢ãƒˆãƒ©ãƒ»ãƒˆãƒ©ãƒ»ãƒˆãƒ©ï¼ï½£ã‚’è¦‹ã¦æ€ã„ã¤ã„ãŸã‚‚ã®ã€‚ ç«¥å‹ç¤¾ã®T-6Gãƒ†ã‚­ã‚µãƒ³ã‚’ãƒ™ãƒ¼ã‚¹ã«ã€ãƒã‚»ã‚¬ãƒ¯ã®é›¶æˆ¦21å‹ã®ãƒ‘ãƒ¼ãƒ„ã‚„ãƒ‡ã‚«ãƒ¼ãƒ«ã‚’æµç”¨ã—ã¦åˆ¶ä½œã€‚ ã‚ãã¾ã§è‡ªå·±æº€è¶³ã®åˆ¶ä½œãªã®ã§æ¸©ã‹ã„ç›®ã§è¦‹ã¦ã„ãŸã ã‘ã‚Œã°å¹¸ã„ã§ã™ğŸ™‡,2025-12-30T10:13:35.616Z,https://bsky.app/profile/ostrich-mokei.bsky.social/post/3mb74iharsk2i
Bluesky,netmuncher.bsky.social,"Got my PA ring size up to 6g several weeks ago. It's harder to put on, and take off since the ring is so thick. Luckily I don't have rugby at the moment. Also, the bead is a little small, so it jiggles like a cat bell. I love it though.  Quoted post for comparison.",2025-12-28T23:27:42.231Z,https://bsky.app/profile/netmuncher.bsky.social/post/3mb3hwlpsdc2z
Bluesky,flingjore.com,"We slept through 5G standards, waking up only to mandate an unfunded, chaotic equipment purge. Krishnamoorthi petitions Rubio to seize 6G leadership. If America doesnâ€™t write a global playbook, we remain trapped in an endless, expensive cycle of installing and banning Beijingâ€™s tech.",2025-12-29T01:27:19.062Z,https://bsky.app/profile/flingjore.com/post/3mb3omie44e2n
Bluesky,techticia.bsky.social,Satellites may soon run AI for 6G. New research shows how space-ground networks could deliver intelligence everywhere.,2025-12-29T08:19:18.224Z,https://bsky.app/profile/techticia.bsky.social/post/3mb4fn63hm22i
Bluesky,legoutervivre111.bsky.social,youtu.be/9eilyn7F-6g  #EmojiSounds  #MusicChallenge    Time.period??????   ğŸ¤¢,2025-12-28T18:49:43.244Z,https://bsky.app/profile/legoutervivre111.bsky.social/post/3mb2yfjdyb22s
Bluesky,dgreenshields.bsky.social,"There is a smaller, possibly unmanned 6G strike fighter in development too, but yes, the J-36 is manned. My mistake.",2025-12-23T15:21:54.410Z,https://bsky.app/profile/dgreenshields.bsky.social/post/3mao2hctllc2g
Bluesky,transsalamander.bsky.social,"Passing in public is sometimes kinda hard mode with a 6g septum piercing in your nose (because you can never be sure why they're staring), but I look too hot with it in to take it out, so,",2025-12-22T16:45:12.230Z,https://bsky.app/profile/transsalamander.bsky.social/post/3malondo76c2g
Bluesky,snsju.bsky.social,âš ï¸ ğ—¢ğ˜‚ğ—¿ ğ—–ğ—®ğ—¹ğ—¹ ğ—³ğ—¼ğ—¿ ğ—£ğ—¿ğ—¼ğ—½ğ—¼ğ˜€ğ—®ğ—¹ğ˜€ ğ—¶ğ˜€ ğ—»ğ—¼ğ˜„ ğ—½ğ˜‚ğ—¯ğ—¹ğ—¶ğ˜€ğ—µğ—²ğ—± ğ—¼ğ—» ğ˜ğ—µğ—² ğ—™ğ˜‚ğ—»ğ—±ğ—¶ğ—»ğ—´ &ğ—§ğ—²ğ—»ğ—±ğ—²ğ—¿ğ˜€ ğ—£ğ—¼ğ—¿ğ˜ğ—®ğ—¹ ğŸ‘‰ link.europa.eu/43pgyV  â€¼ï¸ ğ—§ğ—µğ—² ğ—–ğ—®ğ—¹ğ—¹ ğ—¼ğ—½ğ—²ğ—»ğ˜€ ğ—¼ğ—» ğŸ®ğŸµ ğ—ğ—®ğ—»ğ˜‚ğ—®ğ—¿ğ˜† ğŸ®ğŸ¬ğŸ®ğŸ² ğ—®ğ—»ğ—± ğ˜ğ—µğ—² ğ—±ğ—²ğ—®ğ—±ğ—¹ğ—¶ğ—»ğ—² ğ—³ğ—¼ğ—¿ ğ˜€ğ˜‚ğ—¯ğ—ºğ—¶ğ˜€ğ˜€ğ—¶ğ—¼ğ—»ğ˜€ ğ—¶ğ˜€ ğŸ®ğŸµ ğ—”ğ—½ğ—¿ğ—¶ğ—¹ ğŸ®ğŸ¬ğŸ®ğŸ²â€¼ï¸  ğ—¥ğ—²ğ—®ğ—± ğ—¼ğ˜‚ğ—¿ ğ—½ğ—¿ğ—²ğ˜€ğ˜€ ğ—¿ğ—²ğ—¹ğ—²ğ—®ğ˜€ğ—² ğŸ‘‰ link.europa.eu/G4rYVh  #SNSJU #6G #5G #Connectivity #Tech #DigitalEU #HorizonEurope,2025-12-23T17:21:47.420Z,https://bsky.app/profile/snsju.bsky.social/post/3maob5onczs2s
Bluesky,pmzel.bsky.social,Songs of 2025. Todayâ€¦ The devine comedy - Achilles youtu.be/jJ6N59FZ-6g?...  #newmusic #indiemusic #nowlooping #nieuwemuziek #2025 #music,2025-12-22T05:47:57.952Z,https://bsky.app/profile/pmzel.bsky.social/post/3makjw47k2s2l
Bluesky,allenalena.bsky.social,youtu.be/pl0WGFsY-6g?...,2025-12-21T23:42:36.706Z,https://bsky.app/profile/allenalena.bsky.social/post/3majvisi7bc2d
Bluesky,fabrizio78.bsky.social,"Would you like to use it? ğŸ––ğŸ’¥  This #Robot not only leaves your windows spotless, but it does the heavy lifting for you.   It features ultra-safe suction #technology optimized cleaning routes, and remote control.  #SmartHome #Robotics #AI #IoT #5G #6G  #HomeAutomation #Bigdata",2025-12-21T20:17:18.001Z,https://bsky.app/profile/fabrizio78.bsky.social/post/3majjzoh6vc2u
Bluesky,one6g.bsky.social,"ğŸ“¡ #one6G and #5GAA sign Letter of Intent to strengthen collaboration on next-generation wireless technologies.  The cooperation will focus on key 6G domains such as cooperative and automated mobility, integrated sensing & communication, distributed #AI and much more.  ğŸ”— one6g.org/one6g-and-5g...",2025-12-22T12:33:16.957Z,https://bsky.app/profile/one6g.bsky.social/post/3malakumpec2l
Bluesky,patriottakes.bsky.social,Trump released a 6G network memorandum citing it will play â€œa pivotal roleâ€ the development and adoption of â€œimplantable technologiesâ€,2025-12-20T14:09:39.275Z,https://bsky.app/profile/patriottakes.bsky.social/post/3mageze5t322i
Bluesky,germanambjapan.bsky.social,å†…é–£ç™ºè¶³ã«ä¼´ã„å°±ä»»ã•ã‚ŒãŸæ—ç·å‹™å¤§è‡£ã‚’è¨ªã­ã€æ–°å½¹è·ã«ãŠã„ã¦åˆã¨ãªã‚‹ã€éå¸¸ã«å®Ÿã‚Šå¤šã„ä¼šè«‡ã®æ©Ÿä¼šã‚’ã„ãŸã ãã¾ã—ãŸã€‚ 5G/6Gã®é€£æºå¼·åŒ–ã€ãƒ‡ã‚¸ã‚¿ãƒ«ä¸»æ¨©ã®æ¨é€²ã€åŸºå¹¹ã‚¤ãƒ³ãƒ•ãƒ©ã®ä¿è­·ã«ãŠã„ã¦è¶³ä¸¦ã¿ã‚’æƒãˆã‚‹ã“ã¨ã§ä¸€è‡´ã€‚ã“ã‚Œã‚‰ã®å–çµ„ã¯ã€ä¸¡å›½å…±é€šã®çµŒæ¸ˆå®‰å…¨ä¿éšœã‚’æ¨é€²ã™ã‚‹ä¸Šã§ã€æ¥µã‚ã¦é‡è¦ãªä¸€æ­©ã¨ãªã‚Šã¾ã™ã€‚,2025-12-22T08:02:57.899Z,https://bsky.app/profile/germanambjapan.bsky.social/post/3makrhiwdjs2w
Bluesky,onestpress.onestnetwork.com,"Trump issued a memorandum on ""Winning the 6G Race,"" declaring that leading the world in 6G development is U.S. policy for national security, foreign policy, and economic prosperity.  Studies must commence on spectrum relocation in 7.125-7.4 GHz with results due in 12 months.",2025-12-20T04:29:24.550Z,https://bsky.app/profile/onestpress.onestnetwork.com/post/3mafelsahfk2t
Bluesky,jjjbison.bsky.social,"Hey you #princealbert owners! I'm looking for 6g 19mm/ ( 3/4"") ring that comes with the Spring Ball Closure. Any hints where to buy?",2025-12-19T19:31:20.025Z,https://bsky.app/profile/jjjbison.bsky.social/post/3maegjncwxc2a
Mastodon,stop6G,"Hello. Please....take a look at our website. there you will be able to dive into the EU #6G Ecosystem. it includes orgs , projects, funds, key enablers... its part of our ongoing research about the EU 6G Chaos :-) . #STOP6G",2026-01-10T16:14:11.323Z,https://mastodon.social/@stop6G/115871688380399065
Mastodon,6G_SNS@eupolicy.social,"ğŸš€ 6G-TWIN hits its mid-term milestone! The project has reached the halfway mark, highlighting solid progress in the development of network #DigitalTwins for future #6G systems.ğŸ“„ Nine public deliverables are now available, outlining the project's vision, early architecture, and initial AI- and data-d",2026-01-09T16:48:43.000Z,https://eupolicy.social/@6G_SNS/115866161885483191
Mastodon,MultiX6GProject,"Happy New Year from #MultiX! ğŸ¥‚ğŸš€In 2026, we&#39;re accelerating our Multi-Sensor Fusion &amp; Multi-Technology innovations. Focus is on validating our #6G ISAC Proof-of-Concepts (Industrial Manufacturing ğŸ­ &amp; eHealth Monitoring ğŸ¥).Onward to new milestones!ğŸŒ https://multix-6g.eu/#SNSJU #FutureTech ",2026-01-09T13:00:45.100Z,https://mastodon.social/@MultiX6GProject/115865265444944798
Mastodon,6G_SNS@eupolicy.social,"ğŸš˜ ğ—¡ğ—²ğ˜„ ğ—¿ğ—²ğ—¹ğ—²ğ—®ğ˜€ğ—² ğ—³ğ—¼ğ—¿ ğ˜ğ—µğ—² ğ—³ğ˜‚ğ˜ğ˜‚ğ—¿ğ—² ğ—¼ğ—³ ğ—®ğ˜‚ğ˜ğ—¼ğ—ºğ—®ğ˜ğ—²ğ—± ğ—ºğ—¼ğ—¯ğ—¶ğ—¹ğ—¶ğ˜ğ˜† ğ—¼ğ—» ğ—¿ğ—¼ğ—®ğ—±ğ˜€!The ğŸ±ğ—š ğ—¦ğ——A ğ—³ğ—¼ğ—¿ ğ—–ğ—¼ğ—»ğ—»ğ—²ğ—°ğ˜ğ—²ğ—± ğ—®ğ—»ğ—± ğ—”ğ˜‚ğ˜ğ—¼ğ—ºğ—®ğ˜ğ—²ğ—± ğ— ğ—¼ğ—¯ğ—¶ğ—¹ğ—¶ğ˜ğ˜† ğ—¼ğ—» ğ—¥ğ—¼ğ—®ğ—±ğ˜€, has just been released, marking a major milestone in passenger connectivity and the digitalisation of road operations.ğŸ›£ï¸ With the ğŸ®ğŸ¬ğŸ®ğŸ± ğ—”ğ˜‚ğ˜ğ—¼ğ—ºğ—¼ğ˜ğ—¶ğ˜ƒğ—² ğ—”ğ—°ğ˜ğ—¶ğ—¼ğ—» ğ—£ğ—¹ğ—®ğ—» ğ—®ğ—»ğ—± ğ—£ğ—®ğ—°ğ—¸ğ—®ğ—´ğ—², the EU is g",2026-01-09T08:16:48.000Z,https://eupolicy.social/@6G_SNS/115864148921498487
Mastodon,czds,"â€œ  #AI goes orbital as  #6G research turns satellites into edge computing nodesResearchers propose fluid AI, where satellites and ground networks share AI tasks to deliver seamless intelligence for 6G. â€œ https://interestingengineering.com/innovation/space-ground-fluid-ai-6g-edge-intelligence",2026-01-08T19:50:35.183Z,https://mastodon.social/@czds/115861214669447620
Mastodon,6G_SNS@eupolicy.social,"ğŸš€ #ELASTIC reaches major mid-term milestones! The #HorizonEurope project has successfully completed its mid-term reporting period, with the #EuropeanCommission confirming strong scientific, technical, and industrial progress.ELASTIC has demonstrated that secure, confidential, and high-performance se",2026-01-08T15:03:54.000Z,https://eupolicy.social/@6G_SNS/115860087385282792
Mastodon,tu_muenchen@wisskomm.social,"Our university and @tudresden start the second funding phase of 6G-lifeÂ², advancing research on next-generation #mobilecommunications. Interdisciplinary teams develop concepts for human-centered #6G, with the project running until 2029: http://go.tum.de/617883ğŸ“·A.Heddergott",2026-01-08T11:04:18.000Z,https://wisskomm.social/@tu_muenchen/115859145258639248
Mastodon,ruhr-uni-bochum.de@bsky.brid.gy,"Der #Mobilfunkstandard 5G war fortschrittlich, aber stÃ¶ÃŸt bei Anwendungen in der Industrie an Grenzen. Forschende der RUB und @tu-dortmund.de@bsky.brid.gy treiben #6G mit voran. Koordiniert wird das Vorhaben von @rwth.bsky.social@bsky.brid.gy.  Weiterlesen: news.rub.de/wissenschaft...",2026-01-07T11:36:46.598Z,https://fed.brid.gy/r/https://bsky.app/profile/did:plc:qtmxzced2uz74lxzevuwkm4b/post/3mbteukp6us26
Mastodon,gadgetry@techhub.social,6G networks will host AI agents to automate enterprise workflows https://www.telecomstechnews.com/news/6g-networks-host-ai-agents-to-automate-enterprise-workflows/ #6g #telecoms #agenticai #networkautomation #ai #tech #news #technology,2026-01-07T10:33:22.000Z,https://techhub.social/@gadgetry/115853361316868224
Mastodon,6G_SNS@eupolicy.social,ğŸŒŸ ğ—§ğ—µğ—² ğ—¦ğ—¡ğ—¦ ğ—ğ—¨ ğ——ğ—²ğ—°ğ—²ğ—ºğ—¯ğ—²ğ—¿ ğ—¡ğ—²ğ˜„ğ˜€ğ—³ğ—¹ğ—®ğ˜€ğ—µ ğ—¶ğ˜€ ğ—¼ğ˜‚ğ˜! ğŸ™Œğ—–ğ—µğ—²ğ—°ğ—¸ ğ—¶ğ˜ ğ—µğ—²ğ—¿ğ—² ğŸ‘‰ https://link.europa.eu/TwMnTp@EUCommission @DigitalEU #SNSJU #Innovation #Telecommunications #NewsLetter #6G #5G #DigitalEU #Tech,2026-01-06T14:17:06.000Z,https://eupolicy.social/@6G_SNS/115848578777700610
Mastodon,semanario_universidad@bots.fedi.cr,"En Costa Rica apenas inicia el 5G, pero el mundo ya habla de 6G: Â¿QuÃ© promete esa tecnologÃ­a?Grandes fabricantes como Samsung, Ericsson, Nokia y Huawei ya anuncian importantes pasos hacia la prÃ³xima red celular. UNIVERSIDAD entrevistÃ³ a dos expertos sobre el tema.La entrada En Costa Rica apenas inic",2026-01-05T14:59:32.000Z,https://bots.fedi.cr/@semanario_universidad/115843083003025386
Mastodon,stop6G,#6G will not turn you into a cybernetic superhero. You will just become a sensor for the network&#39;s omnipresent AI.#stop6G THE BATTLE STARTED TODAY,2025-12-31T19:39:02.641Z,https://mastodon.social/@stop6G/115815870800471484
Mastodon,oldperl@mastodon.online,"@bmftr_bund ach Doro, Du hast nicht mal 5G flÃ¤chendeckend am Laufen, wozu jetzt dieses Geschmarr von #6G ?FÃ¼r Flugtaxis oder Satelliten im All?Oder hat der Elon fÃ¼r seine selbstzerstÃ¶renden Autos danach gefragt?Vielleicht sollten wir dann doch erstmal ein Projekt richtig und fertig machen, bevor wir",2025-12-29T08:07:44.000Z,https://mastodon.online/@oldperl/115801827860332062
Mastodon,holden@sharkey.world,I love how when I look up 6G it talks about all these crazy futuristic applications like holograms but the only reason I'm actually looking it up right now is because im on a 5G connection which currently has only 10mbps upload and I need something that isnt totally dogshit for remote desktop ğŸ¤ªWhy d,2025-12-29T02:54:23.192Z,https://sharkey.world/notes/agu4pqs8v94101m3
Mastodon,vietworldnow,"2025 Ä‘ang trá»Ÿ thÃ nh má»™t nÄƒm Ä‘á»™t phÃ¡ trong cÃ´ng nghá»‡ vÃ  trÃ­ tuá»‡ nhÃ¢n táº¡o. AI táº¡o sinh, robot tá»± Ä‘á»™ng hÃ³a, mÃ¡y tÃ­nh lÆ°á»£ng tá»­, thá»­ nghiá»‡m 6G vÃ  Ä‘á»•i má»›i cÃ´ng nghá»‡ xanh Ä‘Ã£ Ä‘á»‹nh hÃ¬nh láº¡i bá»‘i cáº£nh ká»¹ thuáº­t sá»‘. HÃ£y sáºµn sÃ ng cho nhá»¯ng thay Ä‘á»•i thÃº vá»‹! #CÃ´ngNghá»‡2025 #Tiáº¿nBá»™AI #MÃ¡yTÃ­nhLÆ°á»£ngTá»­ #CÃ´ngNghá»‡Xanh #6G",2025-12-27T20:16:43.521Z,https://mastodon.social/@vietworldnow/115793369727928036
Mastodon,6G_SNS@eupolicy.social,âš ï¸ ğ—¢ğ˜‚ğ—¿ ğ—–ğ—®ğ—¹ğ—¹ ğ—³ğ—¼ğ—¿ ğ—£ğ—¿ğ—¼ğ—½ğ—¼ğ˜€ğ—®ğ—¹ğ˜€ ğ—¶ğ˜€ ğ—»ğ—¼ğ˜„ ğ—½ğ˜‚ğ—¯ğ—¹ğ—¶ğ˜€ğ—µğ—²ğ—± ğ—¼ğ—» ğ˜ğ—µğ—² ğ—™ğ˜‚ğ—»ğ—±ğ—¶ğ—»ğ—´ &amp;ğ—§ğ—²ğ—»ğ—±ğ—²ğ—¿ğ˜€ ğ—£ğ—¼ğ—¿ğ˜ğ—®ğ—¹ ğŸ‘‰ https://link.europa.eu/43pgyVâ€¼ï¸ ğ—§ğ—µğ—² ğ—–ğ—®ğ—¹ğ—¹ ğ—¼ğ—½ğ—²ğ—»ğ˜€ ğ—¼ğ—» ğŸ®ğŸµ ğ—ğ—®ğ—»ğ˜‚ğ—®ğ—¿ğ˜† ğŸ®ğŸ¬ğŸ®ğŸ² ğ—®ğ—»ğ—± ğ˜ğ—µğ—² ğ—±ğ—²ğ—®ğ—±ğ—¹ğ—¶ğ—»ğ—² ğ—³ğ—¼ğ—¿ ğ˜€ğ˜‚ğ—¯ğ—ºğ—¶ğ˜€ğ˜€ğ—¶ğ—¼ğ—»ğ˜€ ğ—¶ğ˜€ ğŸ®ğŸµ ğ—”ğ—½ğ—¿ğ—¶ğ—¹ ğŸ®ğŸ¬ğŸ®ğŸ² ğ—®ğ˜ ğŸ­ğŸ³:ğŸ¬ğŸ¬ ğ—–ğ—˜ğ—§. â€¼ï¸ğ—¥ğ—²ğ—®ğ—± ğ—¼ğ˜‚ğ—¿ ğ—½ğ—¿ğ—²ğ˜€ğ˜€ ğ—¿ğ—²ğ—¹ğ—²ğ—®ğ˜€ğ—² ğŸ‘‰ https://link.europa.eu/G4rYVh@EUCommission @DigitalEU #SNSJU #6,2025-12-23T17:20:21.000Z,https://eupolicy.social/@6G_SNS/115770027010936180
Mastodon,6G_SNS@eupolicy.social,"ğŸ„âœ¨ Happy holidays to the whole #6GCommunity!As we approach the end of another remarkable year, the #SNSCOOP team would like to share our warmest holiday wishes with you all.ğŸ“¶ We look forward to stepping into 2026 together, ready for fresh ideas, bold innovation, and new milestones as we continue sha",2025-12-23T08:05:54.000Z,https://eupolicy.social/@6G_SNS/115767846801511546
Mastodon,6G_SNS@eupolicy.social,"ğŸ“¢ Call for Expression of Interest: Join the SNS JU Stakeholdersâ€™ Group.Submission is online only, via the dedicated Application Form available here: https://bit.ly/3YbeK2C@EUCommission @DigitalEU #SNSJU #6G #5G #Connectivity #FutureNetworks #Stakeholders  #DigitalEurope #OpenCall",2025-12-22T08:28:45.000Z,https://eupolicy.social/@6G_SNS/115762274325319873
Mastodon,MultiX6GProject,Breakthrough at #Globecom2025! ğŸ“¡ğŸš€#MultiX presented a new way to get high-precision Range-Doppler data from standard Wi-Fi hardwareâ€”no modifications needed. A huge step for Perceptive #6G &amp; #ISAC! ğŸ¤¯Congrats to Jessica Sanson &amp; the team! ğŸ‘#WiFiSensing #SNSJU,2025-12-19T10:59:12.278Z,https://mastodon.social/@MultiX6GProject/115745878982830993
Mastodon,6G_SNS@eupolicy.social,ğŸš€ SNS JU R&amp;I Work Programme 2026 is out now: â‚¬22 million to fund SNS research &amp; innovationğ—¥ğ—²ğ—®ğ—± ğ—¼ğ˜‚ğ—¿ ğ—½ğ—¿ğ—²ğ˜€ğ˜€ ğ—¿ğ—²ğ—¹ğ—²ğ—®ğ˜€ğ—² ğŸ‘‰ https://bit.ly/44yqm3p@EUCommission @DigitalEU #SNSJU #6G #5G #DigitalEurope #Innovation #FP10 #DigitalEU #Tech,2025-12-19T10:12:48.000Z,https://eupolicy.social/@6G_SNS/115745696549073987
Mastodon,6G_SNS@eupolicy.social,"âœ¨ ğ—šğ—¼ğ˜ƒğ—²ğ—¿ğ—»ğ—®ğ—»ğ—°ğ—² ğ—¨ğ—½ğ—±ğ—®ğ˜ğ—² ğ—®ğ˜ ğ˜ğ—µğ—² ğ—¦ğ—¡ğ—¦ ğ—ğ—¨The ğ—¦ğ—¡ğ—¦ ğ—ğ—¨ announces key changes in its Governing Board leadership.Colin Willcock, has been appointed as the ğ—»ğ—²ğ˜„ ğ—–ğ—µğ—®ğ—¶ğ—¿ ğ—¼ğ—³ ğ˜ğ—µğ—² ğ—šğ—¼ğ˜ƒğ—²ğ—¿ğ—»ğ—¶ğ—»ğ—´ ğ—•ğ—¼ğ—®ğ—¿ğ—±.Thibaut Kleiner, has been appointed ğ—©ğ—¶ğ—°ğ—²-ğ—–ğ—µğ—®ğ—¶ğ—¿ ğ—¼ğ—³ ğ˜ğ—µğ—² ğ—šğ—¼ğ˜ƒğ—²ğ—¿ğ—»ğ—¶ğ—»ğ—´ ğ—•ğ—¼ğ—®ğ—¿ğ—±.We look forward to continuing this journey of innovatio",2025-12-18T12:20:46.000Z,https://eupolicy.social/@6G_SNS/115740537391452863
Mastodon,6G_SNS@eupolicy.social,"ğŸš€ The #XTRUST-6G 2nd Newsletter is out! Explore updates on the project's progress and recent work towards secure and trustworthy #6G networks.ğŸ’¡ XTRUST-6G focuses on zero-trust security, AI-supported threat detection, and quantum-safe technologies.In this second newsletter, you'll find:ğŸ”µ Technical up",2025-12-17T09:40:48.000Z,https://eupolicy.social/@6G_SNS/115734246102028625
Mastodon,MultiX6GProject,"Massive energy savings for #6G AI! ğŸ’¡ğŸ”‹We launched our new paper: E-SPLIT: A Hierarchical Genetic Algorithm for Energy-Efficient Distributed AI Services (preprint available).This framework minimizes energy use (up to 94.1% reduction ğŸ¤¯) while meeting latency demandsâ€”paving the way for sustainable, AI-n",2025-12-16T12:50:34.806Z,https://mastodon.social/@MultiX6GProject/115729329999152290
Mastodon,6G_SNS@eupolicy.social,"ğŸš¨â° @6g4society Final Event is starting! This is the last chance to join the conversation shaping the future of #6G and society.Take part in the event and:ğŸ”µ Discover key outcomes from the 6G4Society projectğŸ”µ Hear insights from leading expertsğŸ”µ Explore how 6G can drive social, economic, and digital im",2025-12-15T13:51:06.000Z,https://eupolicy.social/@6G_SNS/115723905683708722
Mastodon,6G_SNS@eupolicy.social,Registrations for ğ˜ğ—µğ—² ETSI ğ—¦ğ—¡ğ—¦ğŸ°ğ—¦ğ—¡ğ—¦ â€œğ—¦ğ—¼ğ—³ğ˜ğ˜„ğ—®ğ—¿ğ—² &amp; ğ—¦ğ˜ğ—®ğ—»ğ—±ğ—®ğ—¿ğ—±ğ˜€ ğ—³ğ—¼ğ—¿ ğ—¦ğ—ºğ—®ğ—¿ğ˜ ğ—¡ğ—²ğ˜ğ˜„ğ—¼ğ—¿ğ—¸ğ˜€ &amp; ğ—¦ğ—²ğ—¿ğ˜ƒğ—¶ğ—°ğ—²ğ˜€â€ ğ—²ğ˜ƒğ—²ğ—»ğ˜ are Open!Secure your spot now: https://bit.ly/49b3r0C#SNSJU #6G #5G #Connectivity #Tech #Etsi #Sns4sns,2025-12-15T08:51:49.000Z,https://eupolicy.social/@6G_SNS/115722728868002662
Mastodon,MultiX6GProject,#MultiX at InfoCom World 2025! ğŸ’¡ğŸ‡¬ğŸ‡·Our partner OTE presented the MultiX Fusion Perceptive 6G-RAN (MP6R) at the &quot;AI-Volution&quot; conference. ğŸ¤–We showed how AI is driving #6G by enabling perception-aware networks and core use cases like the Multi-Layer Network Digital Twin for Industrial Manufac,2025-12-12T15:03:42.827Z,https://mastodon.social/@MultiX6GProject/115707204259879315
Mastodon,apfeltalk@creators.social,"Donald Trump versteht (auch) 6G nichtDonald Trump hat in einem TV-Auftritt erneut gezeigt, dass er zentrale Technikbegriffe wie 6G nicht kennt oder einordnen kann. Seine Aussagen fielen ausgerechnet vor dem Vorstandschef von Qualcomm.Trumps Aussagen zu 6G im Live-FernsehenWenn WirtschaftsfÃ¼hrende Sc",2025-12-12T09:00:32.000Z,https://creators.social/@apfeltalk/115705776226769435
Mastodon,stacescases2.bsky.social@bsky.brid.gy,"Trump ruins #Republican House Speaker #MikeJohnson 's day again with an EMBARRASSING claim over #6G networks, proving his mental decline. @johniadarola.bsky.social@bsky.brid.gy and #WosnyLambre break it down on @thedamagereport.bsky.social@bsky.brid.gy  youtu.be/fViOLi7Pszw?...Republican House Speak",2025-12-12T02:29:43.221Z,https://fed.brid.gy/r/https://bsky.app/profile/did:plc:76e4qryfph6q4wmz3li6v2l6/post/3m7r26fvprk2q
Mastodon,marcel@waldvogel.family,"Die Anforderungen von Geheimdiensten &amp; Co. an die AbhÃ¶rmÃ¶glichkeiten von #6G lesen sich wie die Wunschliste eines Autokraten. Doch, so @harkank , haben die Telecoms ein wichtiges Wort mitzureden. Und die ganzen Anforderungen der Lauschorganisationen erschweren ihnen, Geld zu verdienen.Der Kampf ",2025-12-11T18:53:42.000Z,https://waldvogel.family/@marcel/115702446332868880
Mastodon,schwurbelwatch,"#DonaldTrump &quot;wollte eigentlich Themen wie KI besprechen, Ã¼berraschte die anwesenden Konzernchefs jedoch mit einer kuriosen Annahme. Er hielt den kÃ¼nftigen #6G Standard fÃ¼r eine Art Haut-Scanner statt fÃ¼r Kommunikationstechnik.&quot;Ohne Worte.https://winfuture.de/news,155525.html",2025-12-11T11:32:08.342Z,https://mastodon.social/@schwurbelwatch/115700710004217232
Mastodon,gadgetry@techhub.social,Samsung and KT validate AI-RAN optimisation on live networks https://www.telecomstechnews.com/news/samsung-and-kt-validate-ai-ran-optimisation-on-live-networks/ #samsung #kt #mobile #networks #ai #telecoms #automation #5g #6g #tech #news #technology,2025-12-11T11:30:24.000Z,https://techhub.social/@gadgetry/115700703207096721
Mastodon,monmotmedia@qlub.social,Â« C'est quoi la 6G ? Â» : la rencontre entre le P.-D.G. de Qualcomm et Trump ne s'est pas passÃ©e comme prÃ©vueÂ« La 6G permet-elle d'obtenir une vue plus profonde sous la peau des gens ? Â» ğŸ¤¨- Donald Trump incapable de saisir qu'il s'agit d'une nouvelle norme de communication cellulaire ğŸ¤¦ğŸ¼#6G #tÃ©lÃ©phoni,2025-12-11T11:17:21.000Z,https://qlub.social/@monmotmedia/115700651907336755
Mastodon,networkjockey,Samsung and SK Telecom partner on AI-RAN for 6G infrastructure https://www.vibewire.com.au/?p=323376&amp;utm_source=dlvr.it&amp;utm_medium=mastodon&amp;utm_campaign=samsung-and-sk-telecom-partner-on-ai-ran-for-6g-infrastructure #Samsung #SKTelecom #6G #AI #RAN,2025-12-11T11:05:30.637Z,https://mastodon.social/@networkjockey/115700605296887270
Mastodon,networkjockey,GSMA: Act now to avoid spectrum crunch with 6G mobile networks https://www.vibewire.com.au/?p=320353&amp;utm_source=dlvr.it&amp;utm_medium=mastodon&amp;utm_campaign=gsma-act-now-to-avoid-spectrum-crunch-with-6g-mobile-networks #6G #spectrum #connectivity #smartcities #logistics,2025-12-11T11:05:25.920Z,https://mastodon.social/@networkjockey/115700604987124145
Mastodon,6G_SNS@eupolicy.social,"ğŸŸ¢ SNS JU Insights Newsletter is out now: https://bit.ly/3Moa9aKğŸš¢ We spotlight Catalina Grimalt FalcÃ³, Deputy Director General of Barcelona Port Authority and leader of the Port de Barcelona Innovation Foundation, who demonstrates how strategic 5G deployment transforms maritime infrastructure into sm",2025-12-09T13:09:01.000Z,https://eupolicy.social/@6G_SNS/115689766344256463
Mastodon,MultiX6GProject,"Missed the joint 6G IA / 5G-ACIA webinar on #ISAC/#JCAS? ğŸ™ï¸#MultiX was present, contributing to the key discussion on:âœ…Standards &amp; dual-use systems.âœ…Industrial use cases &amp; monetisation pathways for #6G.Catch up now!ğŸ“ºğŸ”— Video: https://www.youtube.com/watch?v=RZhrVAYxPMo#6GIA #5GACIA",2025-12-09T08:35:07.943Z,https://mastodon.social/@MultiX6GProject/115688689362440081
Mastodon,INPACEhub,"ğŸ“°Passionate about digital transformation?    Discover our #newsletter, with insights on #AI, #6G, #CloudEdgeIoT, and more. Explore EU-Indo-Pacific cooperation and Digital Partnerships with Japan, Korea, Singapore, and the TTC with India.    Subscribe now ğŸ“·https://inpacehub.eu/digital-digest/",2025-12-09T08:01:36.951Z,https://mastodon.social/@INPACEhub/115688557572473610
Mastodon,6G_SNS@eupolicy.social,ğŸŒŸ ğ—§ğ—µğ—² ğ—¦ğ—¡ğ—¦ ğ—ğ—¨ ğ—¡ğ—¼ğ˜ƒğ—²ğ—ºğ—¯ğ—²ğ—¿ ğ—¡ğ—²ğ˜„ğ˜€ğ—³ğ—¹ğ—®ğ˜€ğ—µ ğ—¶ğ˜€ ğ—¼ğ˜‚ğ˜!  ğŸ‘‰ https://lnkd.in/e28YKdvP@DigitalEU @EUCommission #SNSJU #Innovation #Telecommunications #NewsLetter #6G #5G #DigitalEU #Tech,2025-12-05T15:22:02.000Z,https://eupolicy.social/@6G_SNS/115667640188502873
Mastodon,MultiX6GProject,NEW at #PIMRC2025! ğŸ“¡ We&#39;re mastering Near-Field complexity in ELAA systems.Introducing VR-HMM-P-SOMP: a novel algorithm using HMMs to tackle spatial non-stationarity (SnS). The result? Significantly improved estimation accuracy (NMSE) in low-SNR scenarios for future #6G networks! ğŸš€ğŸ”— https://zeno,2025-12-05T11:50:10.103Z,https://mastodon.social/@MultiX6GProject/115666807035698847
Pixelfed,STOP6G,"Hello. Please....take a look at our website. there you will be able to dive into the EU #6G Ecosystem. it includes orgs , projects, funds, key enablers... its part of our ongoing research about the EU 6G Chaos :-) . #STOP6G",2026-01-10T16:14:13.000Z,https://pixelfed.social/p/STOP6G/915636920793256372
Pixelfed,6G_SNS@eupolicy.social,ğŸŸ¢ ğ—” ğ—»ğ—²ğ˜„ ğ—ªğ—µğ—¶ğ˜ğ—² ğ—£ğ—®ğ—½ğ—²ğ—¿ ğ—¶ğ˜€ ğ—¼ğ˜‚ğ˜ ğ—»ğ—¼ğ˜„! ğŸ“ ğ—§ğ—®ğ—¸ğ—² ğ˜ğ—µğ—² ğ˜ğ—¶ğ—ºğ—² ğ˜ğ—¼ ğ—µğ—®ğ˜ƒğ—² ğ—® ğ—¹ğ—¼ğ—¼ğ—¸ ğ—®ğ˜ ğ—¼ğ˜‚ğ—¿ â€œğŸ²ğ—š ğ—³ğ—¼ğ—¿ ğ— ğ—²ğ—±ğ—¶ğ—®&amp;ğ—˜ğ—»ğ˜ğ—²ğ—¿ğ˜ğ—®ğ—¶ğ—»ğ—ºğ—²ğ—»ğ˜.â€ ğ—–ğ—¹ğ—¶ğ—°ğ—¸ ğ—µğ—²ğ—¿ğ—² ğ˜ğ—¼ ğ—±ğ—²ğ—¹ğ˜ƒğ—² ğ—¶ğ—»ğ˜ğ—¼ ğ˜ğ—µğ—² ğ—½ğ—®ğ—½ğ—²ğ—¿ ğ—®ğ—»ğ—± ğ—±ğ—¶ğ˜€ğ—°ğ—¼ğ˜ƒğ—²ğ—¿ ğ˜ğ—µğ—² ğ—³ğ˜‚ğ˜ğ˜‚ğ—¿ğ—² ğ—¼ğ—³ ğŸ²ğ—š ğ—¶ğ—» ğ˜ğ—µğ—² ğ— &amp;ğ—˜ ğ˜€ğ—²ğ—°ğ˜ğ—¼ğ—¿ ğŸ‘‰ https://bit.ly/4pKfoQg  @DigitalEU  #SNSJU #6GSNS #WhitePapers #Tech #5G #6G #Innovation #Research #Digital,2025-12-03T09:01:46.000Z,https://eupolicy.social/@6G_SNS/115654820255799639
Pixelfed,6G_SNS@eupolicy.social,"ğŸ“¢ ğ—˜ğ˜…ğ—½ğ—¹ğ—¼ğ—¿ğ—² ğ˜„ğ—µğ—¶ğ—°ğ—µ ğ—¦ğ—¡ğ—¦ ğ—½ğ—¿ğ—¼ğ—·ğ—²ğ—°ğ˜ğ˜€ ğ—°ğ—¼ğ—»ğ˜ğ—¿ğ—¶ğ—¯ğ˜‚ğ˜ğ—² ğ—ºğ—¼ğ˜€ğ˜ ğ˜ğ—¼ ğ—¦ğ˜‚ğ˜€ğ˜ğ—®ğ—¶ğ—»ğ—®ğ—¯ğ—¶ğ—¹ğ—¶ğ˜ğ˜†.  ğŸ† ğ—”ğ—ºğ—¼ğ—»ğ—´ ğ˜ğ—µğ—²ğ˜€ğ—² ğ—®ğ—°ğ—µğ—¶ğ—²ğ˜ƒğ—²ğ—ºğ—²ğ—»ğ˜ğ˜€, ğ—¼ğ—»ğ—² ğ—¶ğ˜€ ğ—¿ğ—®ğ—»ğ—¸ğ—²ğ—± ğ—¶ğ—» ğ˜ğ—µğ—² ğ—§ğ—¼ğ—½-ğŸ­ğŸ¬ ğ—ğ—”: Hexa-X-II Today, we will delve into ğ—–ğ—®ğ˜ ğŸ±: lnkd.in/evUWsB2n @DigitalEU  @EUCommission  #SNSJU #6GIA #Innovation #Telco #6G #5G #DigitalEU #Tech ",2025-12-01T08:52:42.000Z,https://eupolicy.social/@6G_SNS/115643459978419132
Pixelfed,6G_SNS@eupolicy.social,"ğŸ“¢ ğ——ğ—¶ğ˜€ğ—°ğ—¼ğ˜ƒğ—²ğ—¿ which SNS project has had the greatest impact on standardisation. Today, we will delve into ğ—–ğ—®ğ˜ 4: lnkd.in/evUWsB2n CATEGORY 4 explores the 13 key achievements of projects that contribute to standardisation.  ğŸ† Among these achievements, one ranks among the Top-10 KAs of SNS Projects: ğŸ”¸6G-",2025-11-26T13:13:54.000Z,https://eupolicy.social/@6G_SNS/115616175527633294
Pixelfed,6G_SNS@eupolicy.social,"âœ³ï¸ ğ——ğ—¶ğ˜€ğ—°ğ—¼ğ˜ƒğ—²ğ—¿ ğ˜ğ—µğ—² ğ—§ğ˜„ğ—¼ ğ—©ğ—²ğ—¿ğ˜ğ—¶ğ—°ğ—®ğ—¹ ğ—¦ğ—¼ğ—¹ğ˜‚ğ˜ğ—¶ğ—¼ğ—»ğ˜€ ğ—®ğ—»ğ—± ğ—§ğ—¿ğ—¶ğ—®ğ—¹ğ˜€ ğ—™ğ—²ğ—®ğ˜ğ˜‚ğ—¿ğ—²ğ—± ğ—¶ğ—» ğ˜ğ—µğ—² ğ—§ğ—¢ğ—£-ğŸ­ğŸ¬ ğ—¦ğ—¡ğ—¦ ğ—ğ—¨ ğ—ğ—²ğ˜† ğ—”ğ—°ğ—µğ—¶ğ—²ğ˜ƒğ—²ğ—ºğ—²ğ—»ğ˜ğ˜€! ğ—Ÿğ—®ğ—¿ğ—´ğ—²-ğ˜€ğ—°ğ—®ğ—¹ğ—² ğ—¦ğ—¡ğ—¦ ğ˜ğ—¿ğ—¶ğ—®ğ—¹ğ˜€ ğ—®ğ—»ğ—± ğ—½ğ—¶ğ—¹ğ—¼ğ˜ğ˜€ ğ—½ğ—¹ğ—®ğ˜† ğ—® ğ—°ğ—¿ğ˜‚ğ—°ğ—¶ğ—®ğ—¹ ğ—¿ğ—¼ğ—¹ğ—² ğ—¶ğ—» ğ—®ğ—±ğ˜ƒğ—®ğ—»ğ—°ğ—¶ğ—»ğ—´ ğ—˜ğ˜‚ğ—¿ğ—¼ğ—½ğ—²â€™ğ˜€ ğ—±ğ—¶ğ—´ğ—¶ğ˜ğ—®ğ—¹ ğ—³ğ˜‚ğ˜ğ˜‚ğ—¿ğ—². They carry significant economic and societal importance, helping to validate and demonstrate cutting-edge 5G/6",2025-11-25T09:01:11.000Z,https://eupolicy.social/@6G_SNS/115609519511141787
Pixelfed,6G_SNS@eupolicy.social,"ğŸ“¢ ğ—ªğ—˜ğ—•ğ—œğ—¡ğ—”ğ—¥ ğ—”ğ—Ÿğ—˜ğ—¥ğ—§! The ğ—¦ğ—¡ğ—¦ ğ—ğ—¨ is pleased to host a dedicated ğ—ªğ—²ğ—¯ğ—¶ğ—»ğ—®ğ—¿ showcasing theÂ ğŸ®ğŸ¬ğŸ®ğŸ± ğ—§ğ—¼ğ—½-ğŸ­ğŸ¬ ğ—ğ—”, a curated selection of the most significant, innovative, and influential results.  ğ—¥ğ—²ğ—´ğ—¶ğ˜€ğ˜ğ—²ğ—¿ ğ—µğ—²ğ—¿ğ—² ğŸ‘‰ https://lnkd.in/gUfgKEgK  ğŸ“… ğ——ğ—®ğ˜ğ—²: Wed, 3 Dec 2025 ğŸ•‘ ğ—§ğ—¶ğ—ºğ—²: 14:00 â€“ 15:30 CET ğŸ“ ğ—Ÿğ—¼ğ—°ğ—®ğ˜ğ—¶ğ—¼ğ—»: Online â€¼ï¸ ğ—¥ğ—²ğ—´ğ—¶ğ˜€",2025-11-22T08:26:15.000Z,https://eupolicy.social/@6G_SNS/115592395207048755
Pixelfed,6G_SNS@eupolicy.social,"ğŸš€ğ—ªğ—µğ—®ğ˜ ğ—®ğ—¿ğ—² ğ˜ğ—µğ—² most impactful Experimentation ongoing from ğ—¦ğ—¡ğ—¦ ğ—ğ—¨ ğ—£ğ—¿ğ—¼ğ—·ğ—²ğ—°ğ˜ğ˜€? Today, we will delve into ğ—–ğ—®ğ˜ 2: These achievements will accelerate innovation cycles from concept to trial, fuel the creation of next-generation digital services, enhance accessibility, and empower experimentation with cutti",2025-11-21T10:53:12.000Z,https://eupolicy.social/@6G_SNS/115587310733720663
Pixelfed,6G_SNS@eupolicy.social,"ğ—¦ğ—¡ğ—¦ ğ—ğ—¨ ğ—œğ—»ğ˜€ğ—¶ğ—´ğ—µğ˜ğ˜€ ğ—¡ğ—²ğ˜„ğ˜€ğ—¹ğ—²ğ˜ğ˜ğ—²ğ—¿ is out now: https://bit.ly/4iaHLEQ  In this November edition of our Newsletter, we are pleased to share some strategic insights from Magnus Frodigh , Vice President &amp; Head of Ericsson Research, on transforming Europe's network infrastructure into a catalyst for digital",2025-11-20T08:24:03.000Z,https://eupolicy.social/@6G_SNS/115581061954496975
Pixelfed,6G_SNS@eupolicy.social,"ğŸš€ğ—ªğ—µğ—®ğ˜ ğ—®ğ—¿ğ—² ğ˜ğ—µğ—² ğ—ºğ—¼ğ˜€ğ˜ ğ—¦ğ—¶ğ—´ğ—»ğ—¶ğ—³ğ—¶ğ—°ğ—®ğ—»ğ˜ ğ—§ğ—²ğ—°ğ—µğ—»ğ—¼ğ—¹ğ—¼ğ—´ğ˜† ğ——ğ—²ğ˜ƒğ—²ğ—¹ğ—¼ğ—½ğ—ºğ—²ğ—»ğ˜ğ˜€ ğ—¼ğ—³ ğ—¦ğ—¡ğ—¦ ğ—ğ—¨ ğ—£ğ—¿ğ—¼ğ—·ğ—²ğ—°ğ˜ğ˜€? Today, we will delve into ğ—–ğ—®ğ˜ğ—²ğ—´ğ—¼ğ—¿ğ˜† ğŸ­: â€˜ğ—¦ğ—¶ğ—´ğ—»ğ—¶ğ—³ğ—¶ğ—°ğ—®ğ—»ğ˜ ğ—§ğ—²ğ—°ğ—µğ—»ğ—¼ğ—¹ğ—¼ğ—´ğ˜† ğ——ğ—²ğ˜ƒğ—²ğ—¹ğ—¼ğ—½ğ—ºğ—²ğ—»ğ˜â€™, which stands out for its direct impact on the technological foundations set to shape Europeâ€™s future connectivity landscape.  ğŸ”— ğ——ğ—¶ğ˜€ğ—°ğ—¼ğ˜ƒğ—²ğ—¿ ğ—¦ğ—¡ğ—¦ ğ—ğ—¨â€™ğ˜€ ğ—§ğ—¼ğ—½",2025-11-19T09:02:36.000Z,https://eupolicy.social/@6G_SNS/115575551222453098
Pixelfed,6G_SNS@eupolicy.social,"Today, the ğ—¦ğ—¡ğ—¦ ğ—ğ—¨ announces the ğ—§ğ—¼ğ—½-ğŸ­ğŸ¬ ğ—ğ—²ğ˜† ğ—”ğ—°ğ—µğ—¶ğ—²ğ˜ƒğ—²ğ—ºğ—²ğ—»ğ˜ğ˜€ ğ—¼ğ—³ ğ—¦ğ—¡ğ—¦ ğ—ğ—¨ ğ—£ğ—¿ğ—¼ğ—·ğ—²ğ—°ğ˜ğ˜€, embodying the spirit of excellence that the SNS JU Programme supports.  ğŸ’¡ This ğ—”ğ—°ğ—µğ—¶ğ—²ğ˜ƒğ—²ğ—ºğ—²ğ—»ğ˜ğ˜€ provide an opportunity to present the most significant results from SNS JU projects that are driving progress towards 6G.  ğŸ—“ï¸Â ğ—¦ğ˜ğ—®ğ˜† ğ˜",2025-11-18T06:56:51.000Z,https://eupolicy.social/@6G_SNS/115569394395190861
Pixelfed,heiseonline@social.heise.de,Bundeskanzler mit klarer Ansage: Keine China-Technik im deutschen 6G-Netz!ğŸ“±Friedrich Merz hat auf dem Kongress des Deutschen Handelsverbands eine Ã¼berraschende AnkÃ¼ndigung gemacht: Deutschland will chinesische Komponenten aus seinen Telekommunikationsnetzen verbannen. Zum Artikel: https://heise.de/-,2025-11-17T09:57:51.000Z,https://social.heise.de/@heiseonline/115564443821306350
Pixelfed,dom1nic@shout.3xd.eu,Wer sowas wÃ¤hlt ist auch fern von aller Bildung und TechnikverstÃ¤ndnisğŸ™„ Deutschland ğŸ‡©ğŸ‡ª wieder digital im Mittelalter nice ğŸ™ƒ #6g #merz #deutschland #digtialisierung #facepalm ,2025-11-15T19:56:20.000Z,https://shout.3xd.eu/@dom1nic/115555472559906813
Pixelfed,rptu_transfer@mastodon.social,"ğŸ“ Zukunft gestalten auf der MEDICA 2025 â€“ Halle 3, Stand E92! Erlebe, wie Sport, Gesundheit &amp; Technologie verschmelzen â€“ vom berufsbegleitenden Masterstudiengang â€Sport- &amp; Gesundheitstechnologieâ€œ bis zu Medical Digital Twins, die Gesundheit in Echtzeit abbilden. Besuche uns auf der #MEDICA20",2025-11-14T09:47:21.000Z,https://mastodon.social/@rptu_transfer/115547415608433505
Bluesky,jonathanmassaquoi.bsky.social,I wonder if the 6G race will outrace how utterly overhyped and unimportant the 5G race was.,2025-12-20T04:49:31.809Z,https://bsky.app/profile/jonathanmassaquoi.bsky.social/post/3maffprl2c22r
Bluesky,biforesight.bsky.social,"AI, energy, and quantum are reshaping telecoms - together.   2025 saw smarter networks, tougher trade offs, and a reality check for 6G.   In 2026, convergence is the real story.  @bristol-innov.bsky.social #6G #quantum #telecoms  biforesight.com/future-telec...",2026-01-08T16:54:57.408Z,https://bsky.app/profile/biforesight.bsky.social/post/3mbwh4gl62s2w
Bluesky,babayagafella.bsky.social,Take notes all local Law Enforcement. This is the leadership the citizens want and need right now from all of you. â€œWe want all the smokeâ€ ğŸ‘ ğŸ’ª ğŸ–• ğŸ§Š  #News #FuckICE #Resist  youtu.be/lXmk8kEi-6g,2026-01-11T16:56:16.510Z,https://bsky.app/profile/babayagafella.bsky.social/post/3mc5ylkfh3k26
Lemmy,stop6G@lemmy.world,we asked 27 (by now) LLMs a very easy question! the result is quite funny! :D #STOP6G,2026-01-11T18:11:19.732643Z,https://lemmy.world/post/41476438
Bluesky,echoplexmedia.com,Join us tonight at 9pm pacific on #Twitch for #Conspiracy #Bingo  #Chemtrails #5g #6g #cookers #truthers #conspiracytheories #leftisbest  twitch.tv/echoplexmedia,2026-01-10T01:39:17.719Z,https://bsky.app/profile/echoplexmedia.com/post/3mbzuuwwjwk2b
Bluesky,arrise.bsky.social,I was vegan for 4 years and ate them sometimes. For me it was simply a convenient and fast way to get 20g of protein. A lot of veggie burgers are veggies 1-2g protein and maybe beans 6g or so. As a vegan monitoring my protein and nutrient intake was critical and it was hard to get everything.,2026-01-11T21:52:49.981Z,https://bsky.app/profile/arrise.bsky.social/post/3mc6j5tl2n22g
Mastodon,stop6G,"hi. we asked a very easy question to 27 (by now) #LLMs about #6G . The answer is almost a 100% YES. #AI #STOP6G . I think the way the question is phrased biases the model in its response, right? :D or maybe we are all gonna die in 2030 ... hugs people!",2026-01-11T19:34:28.438Z,https://mastodon.social/@stop6G/115878138244888952
Pixelfed,STOP6G,"hi. we asked a very easy question to 27 (by now) #LLMs about #6G . The answer is almost a 100% YES. #AI #STOP6G . I think the way the question is phrased biases the model in its response, right? :D or maybe we are all gonna die in 2030 ... hugs people!",2026-01-11T19:34:25.000Z,https://pixelfed.social/p/STOP6G/916049689496136658
Bluesky,snsju.bsky.social,"ğŸ”¥ Our LinkedIn Newsletter is now avaliable.   In this issue, we explore the future of automotive in Europe with Maxime Flament, Chief Technology Officer at the 5G Automotive Association.  ğŸ‘‰ bit.ly/4qerbXJ  @ec.europa.eu @autonewseurope.bsky.social  #SNSJU #6G #5G #EU #DigitalEU #Automotive #5GAA #AI",2026-01-12T13:56:25.212Z,https://bsky.app/profile/snsju.bsky.social/post/3mca6yuijo223
Mastodon,6G_SNS@eupolicy.social,"RE: https://mastodon.social/@hennavirkkunen/115888721732640894ğŸŒŸ A Warm Welcome to Mastodon, @hennavirkkunen ! ğŸŒŸWeâ€™re pleased to see the EVP for Tech Sovereignty, Security and Democracy of the European Commission joining this European socialâ€‘media platform. We need a safe space built on privacyâ€‘byâ€‘de",2026-01-14T11:09:20.000Z,https://eupolicy.social/@6G_SNS/115893138946376258
Mastodon,MultiX6GProject,"Synergies in action! ğŸš€ #MultiX presented at the AIOTI workshop on Edge IoT &amp; Spatial Computing.Valerio Frascolla shared our vision on ethics &amp; standardization, marking a great first collaboration with the #6GARROW project. ğŸ¤Building a responsible &amp; intelligent #6G future! ğŸ“¡ğŸ­ğŸŒ https://mul",2026-01-13T10:07:37.505Z,https://mastodon.social/@MultiX6GProject/115887233925179560
Mastodon,6G_SNS@eupolicy.social,"ğŸš˜The new edition of the SNS JU LinkedIn Newsletter is now available.In this issue, we explore the future of automotive in Europe with Maxime Flament, Chief Technology Officer at the 5G Automotive Association (5GAA).Read here the full article ğŸ‘‰ https://bit.ly/4qerbXJ@EUCommission @DigitalEU #SNSJU #6",2026-01-12T13:53:11.000Z,https://eupolicy.social/@6G_SNS/115882458559332141
Bluesky,fivecats.bsky.social,Good night ğŸŒƒ  youtu.be/jJ6N59FZ-6g?...,2026-01-14T18:27:45.780Z,https://bsky.app/profile/fivecats.bsky.social/post/3mcfp3vqvds2i
Bluesky,theemtity.bsky.social,"Snack.  Warm white popcorn with butter-flavored oil coloring the kernels yellow, milk chocolate pretzels with dark chocolate drizzle, combined in a pale grey-blue bowl.  Not pictured is a peppery black tea with a splash of milk.  It's been a low spoons day, and I am short of my 6g sodium minimum.",2026-01-16T00:24:18.035Z,https://bsky.app/profile/theemtity.bsky.social/post/3mcitiehyx22u
Bluesky,underfox3.bsky.social,"The ASIC projections in 7nm technology indicate 89MHz operation at 185 mW, suggesting that parallel arrays of such chips could approach the throughput demands of 6G wireless systems.",2026-01-16T01:54:45.884Z,https://bsky.app/profile/underfox3.bsky.social/post/3mciykegj4c23
Mastodon,MultiX6GProject,ğŸ“˜âœ¨ MULTIX worked together with the 6G4S project to create KVI evaluation templates and the â€œWhat is a KVIâ€ guide. Driving a shared framework for the 6G future! #6G #Innovation,2026-01-16T13:11:35.463Z,https://mastodon.social/@MultiX6GProject/115904944240103190
Mastodon,6G_SNS@eupolicy.social,"ğŸ“£ğŸ“… #6GREFERENCE launches its first Webinar Series on 29 January! Jointly organised with #FirstTo6G, the first session will explore how complementary hardware approaches can accelerate future #6G systems.ğŸ” Bringing together leading researchers and innovators, the webinar will highlight early achievem",2026-01-16T11:56:01.000Z,https://eupolicy.social/@6G_SNS/115904647075504800
Mastodon,6G_SNS@eupolicy.social,ğŸ“£ Mark your calendars for 2 February 2026 and join the SNS JU Info Day &amp; Brokerage Event ğŸ“Œ Agenda Highlights:ğŸ”¹ 11:00-12:45 CET: Info Day (Online)ğŸ”¹ 14:00-16:00 CET: Brokerage Event (Online)Info and registration here ğŸ‘‰ link.europa.eu/yHBXDt@EUCommission @DigitalEU #SNSJU #5G #6G #Tech #Research #I,2026-01-16T10:25:32.000Z,https://eupolicy.social/@6G_SNS/115904291286973070
Mastodon,NYYANKEES@mstdn.social,"3/3 Este paso es fundamental para el despliegue del #6G que veremos al final de la dÃ©cada. Menos hardware rÃ­gido, mÃ¡s software inteligente y mayor estabilidad para nuestros mÃ³viles. #Gadgets #Mobile #Mastodon #Samsung6G",2026-01-15T04:17:25.000Z,https://mstdn.social/@NYYANKEES/115897181503058798
Mastodon,NYYANKEES@mstdn.social,"1/3 ğŸ“¡ Â¡El 6G ya no es ciencia ficciÃ³n! ğŸš€Samsung acaba de marcar un hito histÃ³rico al realizar la primera llamada comercial del mundo sobre una red 6G viva. Pero ojo, lo importante no es solo que ""hicieron una llamada"", sino la tecnologÃ­a que hay detrÃ¡s: se llama vRAN y va a cambiar cÃ³mo se construye",2026-01-15T04:15:21.000Z,https://mstdn.social/@NYYANKEES/115897173349756438
Bluesky,baileygvt.bsky.social,ğŸ¶ğŸ‰ ğŸ˜‚ youtu.be/iWa-6g-TbgI?...,2026-01-29T01:42:57.566Z,https://bsky.app/profile/baileygvt.bsky.social/post/3mdjnwyduec2n
Bluesky,lappenvt.bsky.social,6G AND THE BLACK SPERM?! *Fun Fact: Since last year 6G has actually become the new standard :3*,2026-01-31T08:06:59.008Z,https://bsky.app/profile/lappenvt.bsky.social/post/3mdpedjcfk22r
Bluesky,mattbakerstl.bsky.social,"Dante Polvara is officially #AllForCITY!  The 6'4 25 y/o American midfielder signs with @stlcitysc.com through the 27-28 season w/a 1 yr club option. Polvara appeared in 93 matches for Scottish side Aberdeen FC, notching 6g/7a. #AllForCITY",2026-01-30T17:13:17.588Z,https://bsky.app/profile/mattbakerstl.bsky.social/post/3mdnsfhwpgk2d
Bluesky,independentaus.bsky.social,"With traffic growth slowing, revenues flat and capital flowing elsewhere, the case for 6G looks less like progress and more like habit.  The telecoms industry doesnâ€™t need 6G â€” it needs a rethink ~ Paul Budde",2026-01-27T21:00:49.981Z,https://bsky.app/profile/independentaus.bsky.social/post/3mdgnpmbsu725
Bluesky,ceraralaz.bsky.social,Dr. Misty Vigor is a scientist in post-conspiratorial world. She tries to bring life to civilization rendered infertile by evil 6G technology. Expert both in theoretical and practical field,2026-01-29T11:01:55.097Z,https://bsky.app/profile/ceraralaz.bsky.social/post/3mdkn6ia6fs2n
Bluesky,snsju.bsky.social,"ğŸ‘¥ Workshop: European 6G Priorities for Day 1 Standardisation  A successful 6G story for Europe, from development to monetisation, demands that European priorities shape 6G standards from the start.  Click here to learn more: bit.ly/4t5csQT  @ec.europa.eu   #SNSJU #6G #5G #EU #DigitalEU #Tech",2026-01-29T09:14:01.682Z,https://bsky.app/profile/snsju.bsky.social/post/3mdkh5kpulc2q
Bluesky,succubus.me,Upsized my Princess Albertina piercing from 4mm to 5mm (~6g to 4g). #piercing #genitalpiercing #trans #transgender,2026-01-27T17:27:13.186Z,https://bsky.app/profile/succubus.me/post/3mdgbrmh6uk2d
Bluesky,jadedergn.bsky.social,trying to go from 8g to 6g is kicking my ass. it's been almost 4 months and i'm not any closer to sizing up x.x might have to tape up to it or bute the bullet and buy an inbetween size,2026-01-29T16:44:37.278Z,https://bsky.app/profile/jadedergn.bsky.social/post/3mdladbu3dk23
Bluesky,marathon.chee.gay,"Thatâ€™s pretty much it, PB2 is 6g of protein per 60 calories so that gets a pass for example, when reading the label itâ€™s all about calorie to protein ratios, 10:1 ratio is the standard to me",2026-01-28T23:59:54.514Z,https://bsky.app/profile/marathon.chee.gay/post/3mdji6pq4mk2f
Bluesky,networldeuropesme.bsky.social,"The Perfect Storm: Converging European Excellence  In the January @snsju.bsky.social Newsletter, Maxime Flament (CTO, #5GAA) explains how Europeâ€™s #automotive and #telecom leadership is turning connected mobility into a real-world driver for #6G.  â„¹ï¸ Find out more: www.linkedin.com/pulse/perfec...",2026-01-27T09:45:38.314Z,https://bsky.app/profile/networldeuropesme.bsky.social/post/3mdfhyakdr22d
Bluesky,zahidtg.bsky.social,"Published Mobile & Wireless Roundup No. 167, covering my latest posts and news that caught my eye recently. If you find it useful, please like, comment or share.  newsletter.3g4g.co.uk/p/mobile-wir...  #3G4G5G #Telecoms #Mobile #Wireless #Newsletter #6G #5G #LTE #Spectrum #D2D #AIML #Sustainability",2026-01-25T21:39:46.343Z,https://bsky.app/profile/zahidtg.bsky.social/post/3mdboxeot5k24
Bluesky,cadencockburn.bsky.social,"â€œyour epidermis is showing.â€ No itâ€™s not. A thin layer of a vaseline-magnesium compound coats my entire body, preventing 6G waves from mainlining homoerotic thoughts into my major organs",2026-01-22T05:31:32.235Z,https://bsky.app/profile/cadencockburn.bsky.social/post/3mcyhhbhbo224
Bluesky,johnniec.bsky.social,"Oh man, the number of times I've pointed out that our bread is 5-6g of protein per slice! A simple cheese sandwich (or PB&J) gets you like halfway there for the day.",2026-01-23T01:23:08.881Z,https://bsky.app/profile/johnniec.bsky.social/post/3md2jzzxm5c2b
Bluesky,agnar.bsky.social,Sending magical healing 6G rays to all of my friends,2026-01-22T15:23:47.164Z,https://bsky.app/profile/agnar.bsky.social/post/3mczikc75tk2s
Bluesky,circlingseasports.bsky.social,"Our key @seattlekraken.com player to watch is Jaden Schwartz. ""Cha cha"" is riding a three-game point streak, recording three points (1g/2a) during that span. Schwartz has tallied 12 points (6g/6a) in 17 career games against the Devils.  Photo by @bgrdq.bsky.social   #SeaKraken #SeattleKraken #NHL",2026-01-25T19:11:50.440Z,https://bsky.app/profile/circlingseasports.bsky.social/post/3mdbgoty7rk2v
Bluesky,pdchinanews.bsky.social,"China has commenced the second phase of 6G technical trials following the completion of the first phase, which had yielded a reserve of over 300 key 6G technologies, an official with the Ministry of Industry and Information Technology said Wednesday.",2026-01-21T15:10:40.313Z,https://bsky.app/profile/pdchinanews.bsky.social/post/3mcwxdwenuc26
Bluesky,afivegantenna.bsky.social,the 5g paranoia people are gonna lose it when they find out that one of the main features of 6g is literally sensing the positions of objects. could be used for all types of surveillance and defense purposes,2026-01-21T22:15:36.028Z,https://bsky.app/profile/afivegantenna.bsky.social/post/3mcxp3qwzv22m
Bluesky,sciencex.bsky.social,"A new wireless transceiver achieves data speeds comparable to fiber optics by operating at 140 GHz, offering high efficiency and potential for 6G and advanced data center applications. doi.org/hbk3xd",2026-01-22T16:33:41-05:00,https://bsky.app/profile/sciencex.bsky.social/post/3md257q22gn2o
Bluesky,theindoctrinatrix.bsky.social,"What a 6G needle looks like ğŸ˜‡ on Viscera_le's back.  Shoving these in is VERY different from smaller needles. Requirements are strength, precision, and guts of steel.  ğŸ“· @relevantflesh.bsky.social â¤ï¸",2026-01-22T12:41:38.336Z,https://bsky.app/profile/theindoctrinatrix.bsky.social/post/3mcz7ie36z22v
Bluesky,tombogert.bsky.social,"ğŸ‡§ğŸ‡· Sources: LA Galaxy finalizing a deal to sign Matheus Nascimento from Botafogo on loan again.  Nasciemento spent 2025 on loan with the Galaxy. Club wanted to bring him back for 2026 after 6g/4a in ~1,400 mins.  U-22 initiative.",2026-01-20T17:02:49.663Z,https://bsky.app/profile/tombogert.bsky.social/post/3mcun5kibks2y
Bluesky,snsju.bsky.social,ğŸš€ The SNS JUâ€™s Top-10 Key Achievements Brochure for 2025 is out!  ğ——ğ—¼ğ˜„ğ—»ğ—¹ğ—¼ğ—®ğ—± ğ˜ğ—µğ—² ğ—•ğ—¿ğ—¼ğ—°ğ—µğ˜‚ğ—¿ğ—² ğŸ‘‰ link.europa.eu/c3pvqf  @ec.europa.eu   #SNSJU #6G #FutureConnectivity #DigitalEU #Innovation #Tech,2026-01-21T16:09:06.401Z,https://bsky.app/profile/snsju.bsky.social/post/3mcx2mfzfek2h
Bluesky,sciencex.bsky.social,"Analysis of UK takeout meals shows many dishes contain more salt than menu labels indicate, with some single portions exceeding the recommended daily intake of 6g for adults. doi.org/hbkvrf",2026-01-21T14:00:33-05:00,https://bsky.app/profile/sciencex.bsky.social/post/3mcxe6y5mqi23
Bluesky,damon-hunter.bsky.social,The jump from 8g to 6g is a full millimeter difference in diameter. I am scared for this jump and may take some time making it ğŸ˜¬,2026-01-18T16:46:31.234Z,https://bsky.app/profile/damon-hunter.bsky.social/post/3mcplckhpdc2e
Bluesky,5gtraining.bsky.social,Interesting Slides/Video from C21-Virtual on 'Future Transport Connection' - www.c21-virtual.com/future-trans...  #Free5Gtraining #3G4G5G #5G #5GAdvanced #6G #IoT #NTN #5GNTN #V2X #RailConnectivity #SatelliteConnectivity #NBIoT #D2D #D2T #Broadband #5GAA,2026-01-19T18:38:32.129Z,https://bsky.app/profile/5gtraining.bsky.social/post/3mcsbzrhues2r
Bluesky,mostlybree.kitrocha.com,"420l warm water, 6g yeast, 5g honey, 15ml oil. Whisk together, and then add 500g of flour and 10g of salt. And I can not believe I just did that from memory. LOL",2026-01-18T16:48:22.195Z,https://bsky.app/profile/mostlybree.kitrocha.com/post/3mcplfubpuk2k
Bluesky,5gtraining.bsky.social,ICYMI - Multi-Radio Spectrum Sharing (MRSS) and/or Dual-Stack for Initial 6G Rollouts - www.free6gtraining.com/2025/06/mult... via Free 6G Training  #Free5Gtraining #Free6Gtraining #6G #5G #B5G #5GAdvanced #3G4G5G #6GSpectrum #SpectrumSharing #DSS #MRSS #MultiRadioSpectrumSharing #DualStack #WRC27,2026-01-18T09:57:12.145Z,https://bsky.app/profile/5gtraining.bsky.social/post/3mcougn3n3s2i
Bluesky,lisatea.bsky.social,"6g of salt maximum recommended a day, 0.61g per 100ml of chicken bouillon made up, 100ml is not the size of a normal mug, call it 300ml, which makes a mug of bouillon to be nearly 2g of salt.  Blimey.",2026-01-19T16:29:57.480Z,https://bsky.app/profile/lisatea.bsky.social/post/3mcs2tu7bm22g
Bluesky,snsju.bsky.social,ğŸš€ New SNS JU Publication Alert on AI/ML Landscape for 6G ğŸš€  ğŸ‘‰ link.europa.eu/pYm4gX  @ec.europa.eu  #SNSJU #Innovation #AI #ML #6G #SmartNetworks #DigitalEU #Standardisation #Tech,2026-01-19T08:17:02.843Z,https://bsky.app/profile/snsju.bsky.social/post/3mcr7chnjqc27
Bluesky,pxpetals.com,"Kidding aside, yeah, keep us in your thoughts.   My home is ancient and I am pretty nervous, ngl. The last severe storm we had, we needed 6g of repair and electrical work on our roofâ€¦",2026-01-17T18:52:40.155Z,https://bsky.app/profile/pxpetals.com/post/3mcnbv7buvs2v
Bluesky,karbonangst.bsky.social,"Alt betalt av dere. Opphold og mat, samt opplÃ¦ringspenger for oss foreldre som kompensasjon for tapt lÃ¸nn (opptil 6G). Tusen takk!",2026-01-17T14:08:45.593Z,https://bsky.app/profile/karbonangst.bsky.social/post/3mcmrzjubi22k
Mastodon,skmohindroo9,"Wireless is no longer neutral. It shapes timing, trust, and choice. Where do you see the biggest gap between network promise and enterprise reality? #Wireless #5G #6G #EnterpriseIT #CIO #EdgeComputing #PrivateNetworks #SpectrumPolicy #Industry40 #HealthTech #DefenseTechhttps://www.linkedin.com/pulse",2026-02-01T08:45:38.559Z,https://mastodon.social/@skmohindroo9/115994495454223906
Mastodon,skmohindroo9,"Wireless is no longer neutral. It shapes timing, trust, and choice. Where do you see the biggest gap between network promise and enterprise reality? #Wireless #5G #6G #EnterpriseIT #CIO #EdgeComputing #PrivateNetworks #SpectrumPolicy #Industry40 #HealthTech #DefenseTechhttps://www.linkedin.com/pulse",2026-02-01T08:45:20.433Z,https://mastodon.social/@skmohindroo9/115994494266751063
Mastodon,smohindroo1@vivaldi.net,"Wireless is no longer neutral. It shapes timing, trust, and choice. Where do you see the biggest gap between network promise and enterprise reality? #Wireless #5G #6G #EnterpriseIT #CIO #EdgeComputing #PrivateNetworks #SpectrumPolicy #Industry40 #HealthTech #DefenseTechhttps://www.linkedin.com/pulse",2026-02-01T08:42:05.000Z,https://social.vivaldi.net/@smohindroo1/115994481489049412
Mastodon,6G_SNS@eupolicy.social,"ğŸ“¢ Call for Papers for #CoDIT2026!ğŸ—“ï¸ 13â€“16 July 2026ğŸ“ Bari, ItalyThe #6GTWIN project invites original research contributions to #SpecialSession6 at CoDIT 2026, focusing on AI- and data-driven methods for control and optimisation in #6G systems. Topics include learning-based control, network optimisat",2026-01-30T13:17:52.000Z,https://eupolicy.social/@6G_SNS/115984241311307202
Mastodon,6G_SNS@eupolicy.social,"ğŸ“¢ ğ—¦ğ—¡ğ—¦ ğ—ğ—¨ ğ—™ğ˜‚ğ—»ğ—±ğ—¶ğ—»ğ—´ ğ—”ğ—¹ğ—²ğ—¿ğ˜!The ğ—¦ğ—¡ğ—¦ ğ—ğ—¨ ğ—µğ—®ğ˜€ ğ—¼ğ—½ğ—²ğ—»ğ—²ğ—± ğ—¶ğ˜ğ˜€ ğ˜€ğ—¶ğ˜…ğ˜ğ—µ ğ—–ğ—®ğ—¹ğ—¹ ğ—³ğ—¼ğ—¿ ğ—£ğ—¿ğ—¼ğ—½ğ—¼ğ˜€ğ—®ğ—¹ğ˜€, with â‚¬ğŸ®ğŸ® ğ—ºğ—¶ğ—¹ğ—¹ğ—¶ğ—¼ğ—» in grants to advance 6G Research and Development.Interested participants can ğ—®ğ—½ğ—½ğ—¹ğ˜† ğ˜ƒğ—¶ğ—® ğ˜ğ—µğ—² ğ—˜ğ—¨ ğ—™ğ˜‚ğ—»ğ—±ğ—¶ğ—»ğ—´ &amp; ğ—§ğ—²ğ—»ğ—±ğ—²ğ—¿ğ˜€ ğ—£ğ—¼ğ—¿ğ˜ğ—®ğ—¹ ğ—¯ğ˜† ğŸ®ğŸµ ğ—”ğ—½ğ—¿ğ—¶ğ—¹ ğŸ‘‰ https://link.europa.eu/47wMxN@EUCommission @DigitalEU #SNSJU #6G #5G #C",2026-01-30T11:56:17.000Z,https://eupolicy.social/@6G_SNS/115983920501936613
Mastodon,MultiX6GProject,"Unlocking the value of #6G! ğŸ“ˆğŸš€New 6G-IA white paper on &quot;Emerging 5G &amp; Beyond Ecosystem Business Models&quot; is out on #Zenodo.Proud of Valerio Frascolla for contributing #MultiX insights on framework modeling, Industry 4.0 &amp; technoeconomics! ğŸ’°ğŸ­ğŸ”— https://zenodo.org/records/14756405#SNSJ",2026-01-30T08:34:45.492Z,https://mastodon.social/@MultiX6GProject/115983128030876520
Mastodon,6G_SNS@eupolicy.social,"ğŸ‘¥ ğ—ªğ—¼ğ—¿ğ—¸ğ˜€ğ—µğ—¼ğ—½ ğ—˜ğ˜‚ğ—¿ğ—¼ğ—½ğ—²ğ—®ğ—» ğ—½ğ—¿ğ—¶ğ—¼ğ—¿ğ—¶ğ˜ğ—¶ğ—²ğ˜€ ğ—³ğ—¼ğ—¿ ğ——ğ—®ğ˜† ğŸ­ ğŸ²ğ—š ğ˜€ğ˜ğ—®ğ—»ğ—±ğ—®ğ—¿ğ—±ğ—¶ğ˜€ğ—®ğ˜ğ—¶ğ—¼ğ—»ğ—” ğ˜€ğ˜‚ğ—°ğ—°ğ—²ğ˜€ğ˜€ğ—³ğ˜‚ğ—¹ ğŸ²ğ—š ğ˜€ğ˜ğ—¼ğ—¿ğ˜† ğ—³ğ—¼ğ—¿ ğ—˜ğ˜‚ğ—¿ğ—¼ğ—½ğ—², including development, deployment and monetisation, requires that European priorities are incorporated into the initial release of ğŸ²ğ—š ğ˜€ğ˜ğ—®ğ—»ğ—±ğ—®ğ—¿ğ—±ğ˜€. The forthcoming 3GPP ğ—¥ğ—²ğ—¹ğ—²ğ—®ğ˜€ğ—² ğŸ®ğŸ­ will define the first global s",2026-01-29T09:17:36.000Z,https://eupolicy.social/@6G_SNS/115977634205778083
Mastodon,6G_SNS@eupolicy.social,"ğŸ“¹ Discover #6GSANDBOX on YouTube!Explore content ranging from step-by-step guides on creating a #TrialNetwork and running experiments, to inspiring demonstrations of the future of theatre as an immersive experience.The channel also features videos from #OpenCall projects, highlighting how innovation",2026-01-28T09:27:16.000Z,https://eupolicy.social/@6G_SNS/115972009886576508
Mastodon,6G_SNS@eupolicy.social,"ğŸ“°ğŸ” The latest 6G-VERSUS #Newsletter issue is out now!Covering the period Octoberâ€“December 2025, this edition highlights the project's recent activities and contributions to shaping the future of #6G innovation.Inside, you'll find updates from #6GVERSUS' participation in major events, including:ğŸ”¹ Tec",2026-01-27T10:17:18.000Z,https://eupolicy.social/@6G_SNS/115966544358118982
Mastodon,HaroldSinnott,"#AI is leaving the data center for robots, sensors, drones, and #XR. ğŸ¥½ It needs open, programmable #5G now and AI-native #6G next. 5G SA brings slicing, automation, and open APIs. ğŸ”— Read more on BÃ¶rje Ekholmâ€™s blog: m.eric.sn/QlCS50XXRZV via @Ericsson #MWC26 @EricssonSoftw",2026-01-27T08:00:10.742Z,https://mastodon.social/@HaroldSinnott/115966005129174183
Mastodon,MultiX6GProject,"ğŸŒŸ Big news!The next #MultiX plenary will take place next month in ğŸ‡©ğŸ‡ª Heidelberg, hosted by #NEC!ğŸ’¡ Progress, innovation &amp; collaboration on the future of 6G smart networks.ğŸ”— https://multix-6g.eu#6G #HorizonEurope #SNSJU #PlenaryMeeting #SmartNetworks",2026-01-27T07:52:46.405Z,https://mastodon.social/@MultiX6GProject/115965976011928125
Mastodon,unwirehk_mirror@mastodon.hongkongers.net,ç¾åœ‹ç ”ç™¼é©å‘½æ€§ç„¡ç·šè³‡æ–™å‚³è¼¸æ™¶ç‰‡   é€Ÿåº¦é” 120Gbps åª²ç¾å…‰çº–ç¾åœ‹åŠ å·å¤§å­¸çˆ¾ç£åˆ†æ ¡ï¼ˆUC Irvineï¼‰é›»æ©Ÿå·¥ç¨‹åœ˜éšŠæˆåŠŸç ”ç™¼é©å‘½æ€§ç„¡ç·šæ”¶ç™¼å™¨æ™¶ç‰‡ï¼Œçªç ´å‚³çµ±ç„¡ç·šå‚³è¼¸é™åˆ¶ã€‚æ–°æ™¶ [â€¦] #å®¶å±…ç„¡ç·š #è·¯ç”±å™¨ #6g #UC Irvinehttps://unwire.hk/2026/01/26/uc-irvine-140ghz-wireless-chip-fiber-speed/wireless-home/?utm_source=rss&amp;utm_medium=rss&amp;utm_campaign=uc-irvine-140ghz-wireless-chip-fiber-speed,2026-01-26T11:51:03.000Z,https://mastodon.hongkongers.net/@unwirehk_mirror/115961250672059637
Mastodon,winbuzzer,"https://winbuzzer.com/2026/01/26/wireless-transceiver-120-gbps-fiber-optic-speeds-xcxwbn/Wireless Transceiver Hits 120 Gbps, Rivaling Fiber Optics#6G #UCIrvine #6G #Wireless",2026-01-26T00:08:44.793Z,https://mastodon.social/@winbuzzer/115958489073633183
Mastodon,FraunhoferFOKUS@social.bund.de,"ğŸ”œ  Meet Fraunhofer FOKUS at #MWC26 Discover  â¡ï¸  the first Agentic Core based on #Open6GCore  â¬…ï¸, plus OpenLANES for endâ€‘toâ€‘end Telecomâ€‘AI.ğŸ“  Barcelona | March 2â€“5Berlin Partner: Hall 7 | 7C61#6G Platform Germany: Hall 6 | 6F10â€“6F15More info:  ğŸ”—  https://www.fokus.fraunhofer.de/en/ngni/events/MWC_20",2026-01-23T12:06:49.000Z,https://social.bund.de/@FraunhoferFOKUS/115944325741366970
Mastodon,6G_SNS@eupolicy.social,ğŸ“¡ Great to see #SUSTAIN6G work on All-Optical Networks (#AON) gaining visibility!This video shows how Optical Wireless Communication (#OWC) and Fiber Wireless (#FiWi) can enable very high-speed connectivity while supporting a more #Sustainable approach to future #6G networks.ğŸš€ A strong example of ho,2026-01-23T08:44:49.000Z,https://eupolicy.social/@6G_SNS/115943531442156420
Mastodon,MultiX6GProject,"MultiX at #InfoComWorld 2025! ğŸ“¡ğŸ›ï¸Our partner #OTE presented our vision for #ISAC and the #MultiX roadmap in Athens. From Industrial Digital Twins to eHealth, weâ€™re defining the KPIs/KVIs for sensing-aware #6G networks. ğŸš€ğŸŒ https://multix-6g.eu/#OTE #SNSJU #Innovation #6G #FutureTech",2026-01-23T08:23:52.134Z,https://mastodon.social/@MultiX6GProject/115943449043029833
Mastodon,danish_akhtar7,"Currently we have 5G, but we will have 7G or 8G as the Last Version of cellular technology, according to limitations of the laws of physics and materials science constraints.#tech #technology #cellular #network #internet #opinion #analysis #5G #6G #science #physics #research #IT #scicomm #OpenScienc",2026-01-22T14:24:26.244Z,https://mastodon.social/@danish_akhtar7/115939204545668985
Mastodon,6G_SNS@eupolicy.social,ğŸš€ The SNS JUâ€™s Top-10 Key Achievements Brochure for 2025 is out!This brochure will guide you on an exploration journey into Europeâ€™s pioneering efforts shaping 5G implementation and 6G development. ğ——ğ—¼ğ˜„ğ—»ğ—¹ğ—¼ğ—®ğ—± ğ˜ğ—µğ—² ğ—•ğ—¿ğ—¼ğ—°ğ—µğ˜‚ğ—¿ğ—² ğŸ‘‰ https://link.europa.eu/c3pvqf@EUCommission @DigitalEU #SNSJU #6G #FutureConnec,2026-01-21T16:07:12.000Z,https://eupolicy.social/@6G_SNS/115933946333084139
Mastodon,TechNewsAR@mastodon.arabipro.social,Ù‡ÙˆØ§ÙˆÙŠ ØªÙˆØ§ØµÙ„ ØªØµØ¯Ø± Ù…Ø¬Ø§Ù„ Ø¨Ø±Ø§Ø¡Ø§Øª Ø§Ø®ØªØ±Ø§Ø¹ ØªÙ‚Ù†ÙŠØ§Øª 6G Ø¹Ø§Ù„Ù…ÙŠÙ‹Ø§[/wd/wp-content/uploads/2026/01/Huawei-6G.webp]ØªÙˆØ§ØµÙ„ Ø´Ø±ÙƒØ© Ù‡ÙˆØ§ÙˆÙŠ Ù‡ÙŠÙ…Ù†ØªÙ‡Ø§ Ø¹Ù„Ù‰ Ù…Ø¬Ø§Ù„ Ø¨Ø±Ø§Ø¡Ø§Øª Ø§Ø®ØªØ±Ø§Ø¹ Ø§Ù„Ø¬ÙŠÙ„ Ø§Ù„Ø³Ø§Ø¯Ø³ (6G) Ø¹Ø§Ù„Ù…ÙŠÙ‹Ø§ØŒ Ø¥Ø°ØªÙ…ØªÙ„Ùƒ Ø­Ø§Ù„ÙŠÙ‹Ø§ Ø­ÙˆØ§Ù„ÙŠ 15.7% Ù…Ù† Ø¥Ø¬Ù…Ø§Ù„ÙŠ Ø¨Ø±Ø§Ø¡Ø§Øª Ø§Ø®ØªØ±Ø§Ø¹ 6G ÙÙŠ Ø§Ù„Ø¹Ø§Ù„Ù…ØŒ Ù…ØªØµØ¯Ø±Ø© Ø¨Ø°Ù„ÙƒØ§Ù„ØªØ±ØªÙŠØ¨ ÙÙŠ Ø§Ù„ØµÙŠÙ† ÙˆØ§Ù„Ø¹Ø§Ù„Ù… Ø¹Ù„Ù‰ Ø­Ø¯ Ø³ÙˆØ§Ø¡.Ø¬Ø§Ø¡ Ø°Ù„Ùƒ Ø®Ù„Ø§Ù„,2026-01-21T16:00:33.000Z,https://mastodon.arabipro.social/@TechNewsAR/115933920216848412
Mastodon,vietworldnow,"Gá»£i Ã½ tweet (dÆ°á»›i 280 kÃ½ tá»±):Trung Quá»‘c Ä‘áº¡i lá»¥c báº¯t Ä‘áº§u giai Ä‘oáº¡n 2 thá»­ nghiá»‡m 6G sau 300 cá»™t má»‘c cÃ´ng nghá»‡ chÃ­nh. MIIT cho biáº¿t dá»‹ch vá»¥ viá»…n thÃ´ng tÄƒng 9,1%; 6G sáº½ tÃ­ch há»£p cáº£m biáº¿n, tÃ­nh toÃ¡n vÃ  AI. 4,8 triá»‡u tráº¡m 5G, 1,2 tá»· ngÆ°á»i dÃ¹ng 5G. #6G #CÃ´ngNghá»‡ #AI #Viá»…nThÃ´ng https://ift.tt/ZrfTzlb",2026-01-21T11:34:13.950Z,https://mastodon.social/@vietworldnow/115932872962586563
Mastodon,the_news_lens@social.mikala.one,4GåŸºåœ°å°éŠ³æ¸›è®Šç›¸é€¼è¿«å‡ç´š5Gï¼Ÿé›»ä¿¡å”æœƒã€ä¸‰å¤§æ¥­è€…é½Šå–Šå†¤ä¸­å¤®é€šè¨Šç¤¾ 2026-01-21 10:27:00 CST4GåŸºç«™çµ±è¨ˆéŠ³æ¸›å¼•ç™¼æœå‹™é™ç´šç–‘æ…®ã€‚æ¥­è€…æ¾„æ¸…ï¼Œæ­¤ç‚º3Gæ±°é™¤åŠ5Géç¨ç«‹çµ„ç¶²ï¼ˆNSAï¼‰èˆ‡4Gå…±ç«™æ‰€è‡´çš„æ•¸æ“šè®ŠåŒ–ï¼Œéé—œ4Gè¦†è“‹ç¸®æ¸›ã€‚4G/5Gæœå‹™å°‡é•·æœŸä¸¦è¡Œï¼Œç„¡é€€å ´è¨ˆç•«ã€‚https://www.thenewslens.com/article/263839#é å‚³é›»ä¿¡ #é‡˜å­æˆ¶ #ç§‘æŠ€ #åœ‹å®¶é€šè¨Šå‚³æ’­å§”å“¡æœƒ #4G #é™³çŸè‰¯ #æ¶ˆåŸºæœƒ #å°ç£å¤§å“¥å¤§ #è³‡è²» #é›»ä¿¡æ¶ˆè²»è«–å£‡ #è¡Œå‹•å¯¬é » #è¶™æ†¶å— #é›»ä¿¡ç”¢æ¥­ç™¼å±•å”æœƒ #5G #æŸ¯ç´ ç§‹ #æ•¸ä½ç™¼å±•éƒ¨ #NCC #ç¶²é€Ÿ #6G #é™³éº—éƒ #åŠ‰è‰ç§‹ ,2026-01-21T05:54:00.641Z,https://social.mikala.one/notes/ahr69c1tjryi0a3i
Mastodon,cacus@mas.to,ğŸ‡¨ğŸ‡³CHINA LANZA LA SEGUNDA FASE DE PRUEBAS DE TECNOLOGÃA 6G. #CHINA #TECH #6G,2026-01-21T03:02:17.000Z,https://mas.to/@cacus/115930859956928724
Mastodon,6G_SNS@eupolicy.social,"ğŸ”­ How do #Women shape the technologies that will define our future? Building inclusive #6G through technical leadership, research collaboration and contributions to #Standardisation.ğŸ“… Join #WiTaR Lunch Salon #3 on 3 February for an inspiring session with Dr. Albena Mihovska.ğŸŒ From 6G research to rea",2026-01-20T13:58:02.000Z,https://eupolicy.social/@6G_SNS/115927776130036895
Mastodon,MultiX6GProject,MultiX on the air! ğŸ™ï¸ğŸ§We joined the latest SNS CO-OP podcast to discuss the challenges &amp; promises of #ISAC for #6Gâ€”and how we move from the lab to live deployments. ğŸ“¡ğŸš€Tune in for insights on the future of sensing-aware networks! ğŸ§ ğŸŸ¢ Spotify: https://open.spotify.com/show/0lbayrwzdhKehHqFXHxEcNğŸŒ h,2026-01-20T06:58:22.746Z,https://mastodon.social/@MultiX6GProject/115926125951805905
Mastodon,6G_SNS@eupolicy.social,"ğŸš€ New SNS JU Publication Alert on AI/ML Landscape for 6G ğŸš€This new SNS JU White Paper dives into the transformative role of Artificial Intelligence (AI) and Machine Learning (ML) in shaping smart networks and services, especially as we look towards the 6G wireless future.ğŸ‘‰ https://link.europa.eu/pYm",2026-01-19T08:14:41.000Z,https://eupolicy.social/@6G_SNS/115920763747608570
Lemmy,zvfw@lemmy.world,"Cross Orbweaver    Nikon D3500, Nikon AF-P DX Nikkor 18-55mm f/3.5-5.6G VR    [\#wildlifephotography](https://pixelfed.social/discover/tags/wildlifephotography?src=hash) [#insect](https://pixelfed.social/discover/tags/insect?src=hash) [#wildlife](https://pixelfed.social/discover/tags/wildlife?src=ha",2026-01-29T22:22:51Z,https://pixelfed.social/p/zvfw/922615060363929889
Lemmy,solrize@lemmy.world,"A tiny keychain knife with an Exacto style blade, nice for precise cutting but too delicate to be called general purpose.  I just got two of them, pretty cool.  Dimensions about 50mm long, 14mm wide, 4.5mm thick with the slider bulging up another 1.5mn or so.  It's a pretty no nonsense design unlike",2026-01-28T20:02:21.462252Z,https://lemmy.ml/post/42351602
Pixelfed,6G_SNS@eupolicy.social,"ğŸ“¢ ğ—¦ğ—¡ğ—¦ ğ—ğ—¨ ğ—™ğ˜‚ğ—»ğ—±ğ—¶ğ—»ğ—´ ğ—”ğ—¹ğ—²ğ—¿ğ˜! The ğ—¦ğ—¡ğ—¦ ğ—ğ—¨ ğ—µğ—®ğ˜€ ğ—¼ğ—½ğ—²ğ—»ğ—²ğ—± ğ—¶ğ˜ğ˜€ ğ˜€ğ—¶ğ˜…ğ˜ğ—µ ğ—–ğ—®ğ—¹ğ—¹ ğ—³ğ—¼ğ—¿ ğ—£ğ—¿ğ—¼ğ—½ğ—¼ğ˜€ğ—®ğ—¹ğ˜€, with â‚¬ğŸ®ğŸ® ğ—ºğ—¶ğ—¹ğ—¹ğ—¶ğ—¼ğ—» in grants to advance 6G Research and Development. Interested participants can ğ—®ğ—½ğ—½ğ—¹ğ˜† ğ˜ƒğ—¶ğ—® ğ˜ğ—µğ—² ğ—˜ğ—¨ ğ—™ğ˜‚ğ—»ğ—±ğ—¶ğ—»ğ—´ &amp; ğ—§ğ—²ğ—»ğ—±ğ—²ğ—¿ğ˜€ ğ—£ğ—¼ğ—¿ğ˜ğ—®ğ—¹ ğ—¯ğ˜† ğŸ®ğŸµ ğ—”ğ—½ğ—¿ğ—¶ğ—¹ ğŸ‘‰ https://link.europa.eu/47wMxN  @DigitalEU  @EUCommission   #SNSJU #6G",2026-01-29T14:42:10.000Z,https://eupolicy.social/@6G_SNS/115978910479789050
